                                      1 ;--------------------------------------------------------
                                      2 ; File Created by SDCC : free open source ISO C Compiler 
                                      3 ; Version 4.4.0 #14620 (MINGW32)
                                      4 ;--------------------------------------------------------
                                      5 	.module main
                                      6 	.optsdcc -mmcs51 --model-large
                                      7 	
                                      8 ;--------------------------------------------------------
                                      9 ; Public variables in this module
                                     10 ;--------------------------------------------------------
                                     11 	.globl _Font_8x8
                                     12 	.globl _main
                                     13 	.globl _Measure_Single
                                     14 	.globl _SSD1306_DisplayResult
                                     15 	.globl _SSD1306_PrintString
                                     16 	.globl _SSD1306_WriteChar
                                     17 	.globl _SSD1306_SetCursor
                                     18 	.globl _SSD1306_Clear
                                     19 	.globl _SSD1306_Init
                                     20 	.globl _SSD1306_Command
                                     21 	.globl _I2C_Write_Byte
                                     22 	.globl _I2C_Stop
                                     23 	.globl _I2C_Start
                                     24 	.globl _SDA_LOW
                                     25 	.globl _SDA_HIGH
                                     26 	.globl _SCL_LOW
                                     27 	.globl _SCL_HIGH
                                     28 	.globl _I2C_Delay
                                     29 	.globl _Delay_ms
                                     30 	.globl _PIN_BUTTON
                                     31 	.globl _PIN_R3_1K
                                     32 	.globl _PIN_R1_10K
                                     33 	.globl _TF0
                                     34 	.globl _TR0
                                     35 	.globl _AUXR
                                     36 	.globl _TH0
                                     37 	.globl _TL0
                                     38 	.globl _TCON
                                     39 	.globl _TMOD
                                     40 	.globl _CLKSEL
                                     41 	.globl _P_SW2
                                     42 	.globl _P5M0
                                     43 	.globl _P5M1
                                     44 	.globl _P5
                                     45 	.globl _P4
                                     46 	.globl _P3M0
                                     47 	.globl _P3M1
                                     48 	.globl _P3
                                     49 	.globl _P2
                                     50 	.globl _P1M0
                                     51 	.globl _P1M1
                                     52 	.globl _P1
                                     53 	.globl _P0
                                     54 	.globl _SSD1306_DisplayResult_PARM_4
                                     55 	.globl _SSD1306_DisplayResult_PARM_3
                                     56 	.globl _SSD1306_DisplayResult_PARM_2
                                     57 	.globl _SSD1306_PrintString_PARM_3
                                     58 	.globl _SSD1306_PrintString_PARM_2
                                     59 	.globl _SSD1306_WriteChar_PARM_3
                                     60 	.globl _SSD1306_WriteChar_PARM_2
                                     61 	.globl _SSD1306_SetCursor_PARM_2
                                     62 ;--------------------------------------------------------
                                     63 ; special function registers
                                     64 ;--------------------------------------------------------
                                     65 	.area RSEG    (ABS,DATA)
      000000                         66 	.org 0x0000
                           000080    67 _P0	=	0x0080
                           000090    68 _P1	=	0x0090
                           000093    69 _P1M1	=	0x0093
                           000094    70 _P1M0	=	0x0094
                           0000A0    71 _P2	=	0x00a0
                           0000B0    72 _P3	=	0x00b0
                           0000B1    73 _P3M1	=	0x00b1
                           0000B2    74 _P3M0	=	0x00b2
                           0000C0    75 _P4	=	0x00c0
                           0000C8    76 _P5	=	0x00c8
                           0000C9    77 _P5M1	=	0x00c9
                           0000CA    78 _P5M0	=	0x00ca
                           00008E    79 _P_SW2	=	0x008e
                           00009D    80 _CLKSEL	=	0x009d
                           000089    81 _TMOD	=	0x0089
                           000088    82 _TCON	=	0x0088
                           00008A    83 _TL0	=	0x008a
                           00008C    84 _TH0	=	0x008c
                           00008E    85 _AUXR	=	0x008e
                                     86 ;--------------------------------------------------------
                                     87 ; special function bits
                                     88 ;--------------------------------------------------------
                                     89 	.area RSEG    (ABS,DATA)
      000000                         90 	.org 0x0000
                           00008C    91 _TR0	=	0x008c
                           00008D    92 _TF0	=	0x008d
                           0000B1    93 _PIN_R1_10K	=	0x00b1
                           0000C4    94 _PIN_R3_1K	=	0x00c4
                           0000B0    95 _PIN_BUTTON	=	0x00b0
                                     96 ;--------------------------------------------------------
                                     97 ; overlayable register banks
                                     98 ;--------------------------------------------------------
                                     99 	.area REG_BANK_0	(REL,OVR,DATA)
      000000                        100 	.ds 8
                                    101 ;--------------------------------------------------------
                                    102 ; internal ram data
                                    103 ;--------------------------------------------------------
                                    104 	.area DSEG    (DATA)
      000000                        105 _SSD1306_DisplayResult_sloc0_1_0:
      000000                        106 	.ds 1
      000001                        107 _SSD1306_DisplayResult_sloc1_1_0:
      000001                        108 	.ds 4
      000005                        109 _SSD1306_DisplayResult_sloc2_1_0:
      000005                        110 	.ds 4
      000009                        111 _main_sloc0_1_0:
      000009                        112 	.ds 4
      00000D                        113 _main_sloc1_1_0:
      00000D                        114 	.ds 4
                                    115 ;--------------------------------------------------------
                                    116 ; overlayable items in internal ram
                                    117 ;--------------------------------------------------------
                                    118 ;--------------------------------------------------------
                                    119 ; Stack segment in internal ram
                                    120 ;--------------------------------------------------------
                                    121 	.area SSEG
      000000                        122 __start__stack:
      000000                        123 	.ds	1
                                    124 
                                    125 ;--------------------------------------------------------
                                    126 ; indirectly addressable internal ram data
                                    127 ;--------------------------------------------------------
                                    128 	.area ISEG    (DATA)
                                    129 ;--------------------------------------------------------
                                    130 ; absolute internal ram data
                                    131 ;--------------------------------------------------------
                                    132 	.area IABS    (ABS,DATA)
                                    133 	.area IABS    (ABS,DATA)
                                    134 ;--------------------------------------------------------
                                    135 ; bit data
                                    136 ;--------------------------------------------------------
                                    137 	.area BSEG    (BIT)
      000000                        138 _main_sloc2_1_0:
      000000                        139 	.ds 1
                                    140 ;--------------------------------------------------------
                                    141 ; paged external ram data
                                    142 ;--------------------------------------------------------
                                    143 	.area PSEG    (PAG,XDATA)
                                    144 ;--------------------------------------------------------
                                    145 ; uninitialized external ram data
                                    146 ;--------------------------------------------------------
                                    147 	.area XSEG    (XDATA)
      000000                        148 _Delay_ms_ms_10000_1:
      000000                        149 	.ds 2
      000002                        150 _Delay_ms_i_10000_2:
      000002                        151 	.ds 2
      000004                        152 _I2C_Delay_i_10000_5:
      000004                        153 	.ds 1
      000005                        154 _I2C_Write_Byte_dat_10000_18:
      000005                        155 	.ds 1
      000006                        156 _SSD1306_Command_cmd_10000_24:
      000006                        157 	.ds 1
      000007                        158 _SSD1306_SetCursor_PARM_2:
      000007                        159 	.ds 1
      000008                        160 _SSD1306_SetCursor_page_10000_34:
      000008                        161 	.ds 1
      000009                        162 _SSD1306_WriteChar_PARM_2:
      000009                        163 	.ds 1
      00000A                        164 _SSD1306_WriteChar_PARM_3:
      00000A                        165 	.ds 1
      00000B                        166 _SSD1306_WriteChar_page_10000_36:
      00000B                        167 	.ds 1
      00000C                        168 _SSD1306_WriteChar_idx_10000_37:
      00000C                        169 	.ds 1
      00000D                        170 _SSD1306_PrintString_PARM_2:
      00000D                        171 	.ds 1
      00000E                        172 _SSD1306_PrintString_PARM_3:
      00000E                        173 	.ds 3
      000011                        174 _SSD1306_PrintString_page_10000_42:
      000011                        175 	.ds 1
      000012                        176 _SSD1306_DisplayResult_PARM_2:
      000012                        177 	.ds 1
      000013                        178 _SSD1306_DisplayResult_PARM_3:
      000013                        179 	.ds 4
      000017                        180 _SSD1306_DisplayResult_PARM_4:
      000017                        181 	.ds 1
      000018                        182 _SSD1306_DisplayResult_page_10000_45:
      000018                        183 	.ds 1
      000019                        184 _Measure_Single_use_1k_10000_50:
      000019                        185 	.ds 1
      00001A                        186 _Measure_Single_discharge_10000_51:
      00001A                        187 	.ds 2
      00001C                        188 _main_final_calc_10000_59:
      00001C                        189 	.ds 4
      000020                        190 _main_last_display_val_10000_59:
      000020                        191 	.ds 4
      000024                        192 _main_filtered_ticks_10000_59:
      000024                        193 	.ds 4
      000028                        194 _main_mode_uf_10000_59:
      000028                        195 	.ds 1
      000029                        196 _main_is_first_run_10000_59:
      000029                        197 	.ds 1
      00002A                        198 _main_is_sleeping_10000_59:
      00002A                        199 	.ds 1
                                    200 ;--------------------------------------------------------
                                    201 ; absolute external ram data
                                    202 ;--------------------------------------------------------
                                    203 	.area XABS    (ABS,XDATA)
                                    204 ;--------------------------------------------------------
                                    205 ; initialized external ram data
                                    206 ;--------------------------------------------------------
                                    207 	.area XISEG   (XDATA)
                                    208 	.area HOME    (CODE)
                                    209 	.area GSINIT0 (CODE)
                                    210 	.area GSINIT1 (CODE)
                                    211 	.area GSINIT2 (CODE)
                                    212 	.area GSINIT3 (CODE)
                                    213 	.area GSINIT4 (CODE)
                                    214 	.area GSINIT5 (CODE)
                                    215 	.area GSINIT  (CODE)
                                    216 	.area GSFINAL (CODE)
                                    217 	.area CSEG    (CODE)
                                    218 ;--------------------------------------------------------
                                    219 ; interrupt vector
                                    220 ;--------------------------------------------------------
                                    221 	.area HOME    (CODE)
      000000                        222 __interrupt_vect:
      000000 02r00r00         [24]  223 	ljmp	__sdcc_gsinit_startup
                                    224 ;--------------------------------------------------------
                                    225 ; global & static initialisations
                                    226 ;--------------------------------------------------------
                                    227 	.area HOME    (CODE)
                                    228 	.area GSINIT  (CODE)
                                    229 	.area GSFINAL (CODE)
                                    230 	.area GSINIT  (CODE)
                                    231 	.globl __sdcc_gsinit_startup
                                    232 	.globl __sdcc_program_startup
                                    233 	.globl __start__stack
                                    234 	.globl __mcs51_genXINIT
                                    235 	.globl __mcs51_genXRAMCLEAR
                                    236 	.globl __mcs51_genRAMCLEAR
                                    237 	.area GSFINAL (CODE)
      000000 02r00r03         [24]  238 	ljmp	__sdcc_program_startup
                                    239 ;--------------------------------------------------------
                                    240 ; Home
                                    241 ;--------------------------------------------------------
                                    242 	.area HOME    (CODE)
                                    243 	.area HOME    (CODE)
      000003                        244 __sdcc_program_startup:
      000003 02r08r9C         [24]  245 	ljmp	_main
                                    246 ;	return from main will return to caller
                                    247 ;--------------------------------------------------------
                                    248 ; code
                                    249 ;--------------------------------------------------------
                                    250 	.area CSEG    (CODE)
                                    251 ;------------------------------------------------------------
                                    252 ;Allocation info for local variables in function 'Delay_ms'
                                    253 ;------------------------------------------------------------
                                    254 ;ms                        Allocated with name '_Delay_ms_ms_10000_1'
                                    255 ;i                         Allocated with name '_Delay_ms_i_10000_2'
                                    256 ;------------------------------------------------------------
                                    257 ;	main.c:72: void Delay_ms(unsigned int ms) { volatile unsigned int i; while(ms--) { i = 600; while(i--); } }
                                    258 ;	-----------------------------------------
                                    259 ;	 function Delay_ms
                                    260 ;	-----------------------------------------
      000000                        261 _Delay_ms:
                           000007   262 	ar7 = 0x07
                           000006   263 	ar6 = 0x06
                           000005   264 	ar5 = 0x05
                           000004   265 	ar4 = 0x04
                           000003   266 	ar3 = 0x03
                           000002   267 	ar2 = 0x02
                           000001   268 	ar1 = 0x01
                           000000   269 	ar0 = 0x00
      000000 AF 83            [24]  270 	mov	r7,dph
      000002 E5 82            [12]  271 	mov	a,dpl
      000004 90r00r00         [24]  272 	mov	dptr,#_Delay_ms_ms_10000_1
      000007 F0               [24]  273 	movx	@dptr,a
      000008 EF               [12]  274 	mov	a,r7
      000009 A3               [24]  275 	inc	dptr
      00000A F0               [24]  276 	movx	@dptr,a
      00000B 90r00r00         [24]  277 	mov	dptr,#_Delay_ms_ms_10000_1
      00000E E0               [24]  278 	movx	a,@dptr
      00000F FE               [12]  279 	mov	r6,a
      000010 A3               [24]  280 	inc	dptr
      000011 E0               [24]  281 	movx	a,@dptr
      000012 FF               [12]  282 	mov	r7,a
      000013                        283 00104$:
      000013 8E 04            [24]  284 	mov	ar4,r6
      000015 8F 05            [24]  285 	mov	ar5,r7
      000017 1E               [12]  286 	dec	r6
      000018 BE FF 01         [24]  287 	cjne	r6,#0xff,00134$
      00001B 1F               [12]  288 	dec	r7
      00001C                        289 00134$:
      00001C 90r00r00         [24]  290 	mov	dptr,#_Delay_ms_ms_10000_1
      00001F EE               [12]  291 	mov	a,r6
      000020 F0               [24]  292 	movx	@dptr,a
      000021 EF               [12]  293 	mov	a,r7
      000022 A3               [24]  294 	inc	dptr
      000023 F0               [24]  295 	movx	@dptr,a
      000024 EC               [12]  296 	mov	a,r4
      000025 4D               [12]  297 	orl	a,r5
      000026 60 28            [24]  298 	jz	00113$
      000028 90r00r02         [24]  299 	mov	dptr,#_Delay_ms_i_10000_2
      00002B 74 58            [12]  300 	mov	a,#0x58
      00002D F0               [24]  301 	movx	@dptr,a
      00002E 74 02            [12]  302 	mov	a,#0x02
      000030 A3               [24]  303 	inc	dptr
      000031 F0               [24]  304 	movx	@dptr,a
      000032                        305 00101$:
      000032 90r00r02         [24]  306 	mov	dptr,#_Delay_ms_i_10000_2
      000035 E0               [24]  307 	movx	a,@dptr
      000036 FC               [12]  308 	mov	r4,a
      000037 A3               [24]  309 	inc	dptr
      000038 E0               [24]  310 	movx	a,@dptr
      000039 FD               [12]  311 	mov	r5,a
      00003A EC               [12]  312 	mov	a,r4
      00003B 24 FF            [12]  313 	add	a,#0xff
      00003D FA               [12]  314 	mov	r2,a
      00003E ED               [12]  315 	mov	a,r5
      00003F 34 FF            [12]  316 	addc	a,#0xff
      000041 FB               [12]  317 	mov	r3,a
      000042 90r00r02         [24]  318 	mov	dptr,#_Delay_ms_i_10000_2
      000045 EA               [12]  319 	mov	a,r2
      000046 F0               [24]  320 	movx	@dptr,a
      000047 EB               [12]  321 	mov	a,r3
      000048 A3               [24]  322 	inc	dptr
      000049 F0               [24]  323 	movx	@dptr,a
      00004A EC               [12]  324 	mov	a,r4
      00004B 4D               [12]  325 	orl	a,r5
      00004C 60 C5            [24]  326 	jz	00104$
      00004E 80 E2            [24]  327 	sjmp	00101$
      000050                        328 00113$:
      000050 90r00r00         [24]  329 	mov	dptr,#_Delay_ms_ms_10000_1
      000053 EE               [12]  330 	mov	a,r6
      000054 F0               [24]  331 	movx	@dptr,a
      000055 EF               [12]  332 	mov	a,r7
      000056 A3               [24]  333 	inc	dptr
      000057 F0               [24]  334 	movx	@dptr,a
      000058 22               [24]  335 	ret
                                    336 ;------------------------------------------------------------
                                    337 ;Allocation info for local variables in function 'I2C_Delay'
                                    338 ;------------------------------------------------------------
                                    339 ;i                         Allocated with name '_I2C_Delay_i_10000_5'
                                    340 ;------------------------------------------------------------
                                    341 ;	main.c:73: void I2C_Delay(void) { volatile unsigned char i = 25; while(i--); }
                                    342 ;	-----------------------------------------
                                    343 ;	 function I2C_Delay
                                    344 ;	-----------------------------------------
      000059                        345 _I2C_Delay:
      000059 90r00r04         [24]  346 	mov	dptr,#_I2C_Delay_i_10000_5
      00005C 74 19            [12]  347 	mov	a,#0x19
      00005E F0               [24]  348 	movx	@dptr,a
      00005F                        349 00101$:
      00005F 90r00r04         [24]  350 	mov	dptr,#_I2C_Delay_i_10000_5
      000062 E0               [24]  351 	movx	a,@dptr
      000063 FF               [12]  352 	mov	r7,a
      000064 14               [12]  353 	dec	a
      000065 F0               [24]  354 	movx	@dptr,a
      000066 EF               [12]  355 	mov	a,r7
      000067 70 F6            [24]  356 	jnz	00101$
      000069 22               [24]  357 	ret
                                    358 ;------------------------------------------------------------
                                    359 ;Allocation info for local variables in function 'SCL_HIGH'
                                    360 ;------------------------------------------------------------
                                    361 ;	main.c:76: void SCL_HIGH(void) { P3M1 &= ~(1 << SCL_BIT); P3M0 &= ~(1 << SCL_BIT); P3 |= (1 << SCL_BIT); }
                                    362 ;	-----------------------------------------
                                    363 ;	 function SCL_HIGH
                                    364 ;	-----------------------------------------
      00006A                        365 _SCL_HIGH:
      00006A 53 B1 FB         [24]  366 	anl	_P3M1,#0xfb
      00006D 53 B2 FB         [24]  367 	anl	_P3M0,#0xfb
      000070 43 B0 04         [24]  368 	orl	_P3,#0x04
      000073 22               [24]  369 	ret
                                    370 ;------------------------------------------------------------
                                    371 ;Allocation info for local variables in function 'SCL_LOW'
                                    372 ;------------------------------------------------------------
                                    373 ;	main.c:77: void SCL_LOW(void)  { P3M1 |= (1 << SCL_BIT);  P3M0 |= (1 << SCL_BIT);  P3 &= ~(1 << SCL_BIT); }
                                    374 ;	-----------------------------------------
                                    375 ;	 function SCL_LOW
                                    376 ;	-----------------------------------------
      000074                        377 _SCL_LOW:
      000074 43 B1 04         [24]  378 	orl	_P3M1,#0x04
      000077 43 B2 04         [24]  379 	orl	_P3M0,#0x04
      00007A 53 B0 FB         [24]  380 	anl	_P3,#0xfb
      00007D 22               [24]  381 	ret
                                    382 ;------------------------------------------------------------
                                    383 ;Allocation info for local variables in function 'SDA_HIGH'
                                    384 ;------------------------------------------------------------
                                    385 ;	main.c:78: void SDA_HIGH(void) { P3M1 &= ~(1 << SDA_BIT); P3M0 &= ~(1 << SDA_BIT); P3 |= (1 << SDA_BIT); }
                                    386 ;	-----------------------------------------
                                    387 ;	 function SDA_HIGH
                                    388 ;	-----------------------------------------
      00007E                        389 _SDA_HIGH:
      00007E 53 B1 F7         [24]  390 	anl	_P3M1,#0xf7
      000081 53 B2 F7         [24]  391 	anl	_P3M0,#0xf7
      000084 43 B0 08         [24]  392 	orl	_P3,#0x08
      000087 22               [24]  393 	ret
                                    394 ;------------------------------------------------------------
                                    395 ;Allocation info for local variables in function 'SDA_LOW'
                                    396 ;------------------------------------------------------------
                                    397 ;	main.c:79: void SDA_LOW(void)  { P3M1 |= (1 << SDA_BIT);  P3M0 |= (1 << SDA_BIT);  P3 &= ~(1 << SDA_BIT); }
                                    398 ;	-----------------------------------------
                                    399 ;	 function SDA_LOW
                                    400 ;	-----------------------------------------
      000088                        401 _SDA_LOW:
      000088 43 B1 08         [24]  402 	orl	_P3M1,#0x08
      00008B 43 B2 08         [24]  403 	orl	_P3M0,#0x08
      00008E 53 B0 F7         [24]  404 	anl	_P3,#0xf7
      000091 22               [24]  405 	ret
                                    406 ;------------------------------------------------------------
                                    407 ;Allocation info for local variables in function 'I2C_Start'
                                    408 ;------------------------------------------------------------
                                    409 ;	main.c:82: void I2C_Start(void) { SDA_HIGH(); SCL_HIGH(); I2C_Delay(); SDA_LOW(); I2C_Delay(); SCL_LOW(); I2C_Delay(); }
                                    410 ;	-----------------------------------------
                                    411 ;	 function I2C_Start
                                    412 ;	-----------------------------------------
      000092                        413 _I2C_Start:
      000092 12r00r7E         [24]  414 	lcall	_SDA_HIGH
      000095 12r00r6A         [24]  415 	lcall	_SCL_HIGH
      000098 12r00r59         [24]  416 	lcall	_I2C_Delay
      00009B 12r00r88         [24]  417 	lcall	_SDA_LOW
      00009E 12r00r59         [24]  418 	lcall	_I2C_Delay
      0000A1 12r00r74         [24]  419 	lcall	_SCL_LOW
      0000A4 02r00r59         [24]  420 	ljmp	_I2C_Delay
                                    421 ;------------------------------------------------------------
                                    422 ;Allocation info for local variables in function 'I2C_Stop'
                                    423 ;------------------------------------------------------------
                                    424 ;	main.c:83: void I2C_Stop(void)  { SDA_LOW(); SCL_HIGH(); I2C_Delay(); SDA_HIGH(); I2C_Delay(); }
                                    425 ;	-----------------------------------------
                                    426 ;	 function I2C_Stop
                                    427 ;	-----------------------------------------
      0000A7                        428 _I2C_Stop:
      0000A7 12r00r88         [24]  429 	lcall	_SDA_LOW
      0000AA 12r00r6A         [24]  430 	lcall	_SCL_HIGH
      0000AD 12r00r59         [24]  431 	lcall	_I2C_Delay
      0000B0 12r00r7E         [24]  432 	lcall	_SDA_HIGH
      0000B3 02r00r59         [24]  433 	ljmp	_I2C_Delay
                                    434 ;------------------------------------------------------------
                                    435 ;Allocation info for local variables in function 'I2C_Write_Byte'
                                    436 ;------------------------------------------------------------
                                    437 ;dat                       Allocated with name '_I2C_Write_Byte_dat_10000_18'
                                    438 ;i                         Allocated with name '_I2C_Write_Byte_i_10000_19'
                                    439 ;------------------------------------------------------------
                                    440 ;	main.c:85: void I2C_Write_Byte(unsigned char dat) {
                                    441 ;	-----------------------------------------
                                    442 ;	 function I2C_Write_Byte
                                    443 ;	-----------------------------------------
      0000B6                        444 _I2C_Write_Byte:
      0000B6 E5 82            [12]  445 	mov	a,dpl
      0000B8 90r00r05         [24]  446 	mov	dptr,#_I2C_Write_Byte_dat_10000_18
      0000BB F0               [24]  447 	movx	@dptr,a
                                    448 ;	main.c:87: for(i = 0; i < 8; i++) {
      0000BC 7F 00            [12]  449 	mov	r7,#0x00
      0000BE                        450 00105$:
                                    451 ;	main.c:88: if(dat & 0x80) { SDA_HIGH(); } else { SDA_LOW(); }
      0000BE 90r00r05         [24]  452 	mov	dptr,#_I2C_Write_Byte_dat_10000_18
      0000C1 E0               [24]  453 	movx	a,@dptr
      0000C2 30 E7 09         [24]  454 	jnb	acc.7,00102$
      0000C5 C0 07            [24]  455 	push	ar7
      0000C7 12r00r7E         [24]  456 	lcall	_SDA_HIGH
      0000CA D0 07            [24]  457 	pop	ar7
      0000CC 80 07            [24]  458 	sjmp	00103$
      0000CE                        459 00102$:
      0000CE C0 07            [24]  460 	push	ar7
      0000D0 12r00r88         [24]  461 	lcall	_SDA_LOW
      0000D3 D0 07            [24]  462 	pop	ar7
      0000D5                        463 00103$:
                                    464 ;	main.c:89: I2C_Delay(); SCL_HIGH(); I2C_Delay(); SCL_LOW();
      0000D5 C0 07            [24]  465 	push	ar7
      0000D7 12r00r59         [24]  466 	lcall	_I2C_Delay
      0000DA 12r00r6A         [24]  467 	lcall	_SCL_HIGH
      0000DD 12r00r59         [24]  468 	lcall	_I2C_Delay
      0000E0 12r00r74         [24]  469 	lcall	_SCL_LOW
      0000E3 D0 07            [24]  470 	pop	ar7
                                    471 ;	main.c:90: dat <<= 1;
      0000E5 90r00r05         [24]  472 	mov	dptr,#_I2C_Write_Byte_dat_10000_18
      0000E8 E0               [24]  473 	movx	a,@dptr
      0000E9 25 E0            [12]  474 	add	a,acc
      0000EB F0               [24]  475 	movx	@dptr,a
                                    476 ;	main.c:87: for(i = 0; i < 8; i++) {
      0000EC 0F               [12]  477 	inc	r7
      0000ED BF 08 00         [24]  478 	cjne	r7,#0x08,00129$
      0000F0                        479 00129$:
      0000F0 40 CC            [24]  480 	jc	00105$
                                    481 ;	main.c:92: SDA_HIGH(); I2C_Delay(); SCL_HIGH(); I2C_Delay(); SCL_LOW(); I2C_Delay();
      0000F2 12r00r7E         [24]  482 	lcall	_SDA_HIGH
      0000F5 12r00r59         [24]  483 	lcall	_I2C_Delay
      0000F8 12r00r6A         [24]  484 	lcall	_SCL_HIGH
      0000FB 12r00r59         [24]  485 	lcall	_I2C_Delay
      0000FE 12r00r74         [24]  486 	lcall	_SCL_LOW
                                    487 ;	main.c:93: }
      000101 02r00r59         [24]  488 	ljmp	_I2C_Delay
                                    489 ;------------------------------------------------------------
                                    490 ;Allocation info for local variables in function 'SSD1306_Command'
                                    491 ;------------------------------------------------------------
                                    492 ;cmd                       Allocated with name '_SSD1306_Command_cmd_10000_24'
                                    493 ;------------------------------------------------------------
                                    494 ;	main.c:95: void SSD1306_Command(unsigned char cmd) { I2C_Start(); I2C_Write_Byte(SSD1306_ADDR); I2C_Write_Byte(0x00); I2C_Write_Byte(cmd); I2C_Stop(); }
                                    495 ;	-----------------------------------------
                                    496 ;	 function SSD1306_Command
                                    497 ;	-----------------------------------------
      000104                        498 _SSD1306_Command:
      000104 E5 82            [12]  499 	mov	a,dpl
      000106 90r00r06         [24]  500 	mov	dptr,#_SSD1306_Command_cmd_10000_24
      000109 F0               [24]  501 	movx	@dptr,a
      00010A 12r00r92         [24]  502 	lcall	_I2C_Start
      00010D 75 82 78         [24]  503 	mov	dpl, #0x78
      000110 12r00rB6         [24]  504 	lcall	_I2C_Write_Byte
      000113 75 82 00         [24]  505 	mov	dpl, #0x00
      000116 12r00rB6         [24]  506 	lcall	_I2C_Write_Byte
      000119 90r00r06         [24]  507 	mov	dptr,#_SSD1306_Command_cmd_10000_24
      00011C E0               [24]  508 	movx	a,@dptr
      00011D F5 82            [12]  509 	mov	dpl,a
      00011F 12r00rB6         [24]  510 	lcall	_I2C_Write_Byte
      000122 02r00rA7         [24]  511 	ljmp	_I2C_Stop
                                    512 ;------------------------------------------------------------
                                    513 ;Allocation info for local variables in function 'SSD1306_Init'
                                    514 ;------------------------------------------------------------
                                    515 ;	main.c:97: void SSD1306_Init(void) {
                                    516 ;	-----------------------------------------
                                    517 ;	 function SSD1306_Init
                                    518 ;	-----------------------------------------
      000125                        519 _SSD1306_Init:
                                    520 ;	main.c:98: Delay_ms(250);
      000125 90 00 FA         [24]  521 	mov	dptr,#0x00fa
      000128 12r00r00         [24]  522 	lcall	_Delay_ms
                                    523 ;	main.c:99: SSD1306_Command(0xAE); SSD1306_Command(0x20); SSD1306_Command(0x02);
      00012B 75 82 AE         [24]  524 	mov	dpl, #0xae
      00012E 12r01r04         [24]  525 	lcall	_SSD1306_Command
      000131 75 82 20         [24]  526 	mov	dpl, #0x20
      000134 12r01r04         [24]  527 	lcall	_SSD1306_Command
      000137 75 82 02         [24]  528 	mov	dpl, #0x02
      00013A 12r01r04         [24]  529 	lcall	_SSD1306_Command
                                    530 ;	main.c:100: SSD1306_Command(0xB0); SSD1306_Command(0x00); SSD1306_Command(0x10);
      00013D 75 82 B0         [24]  531 	mov	dpl, #0xb0
      000140 12r01r04         [24]  532 	lcall	_SSD1306_Command
      000143 75 82 00         [24]  533 	mov	dpl, #0x00
      000146 12r01r04         [24]  534 	lcall	_SSD1306_Command
      000149 75 82 10         [24]  535 	mov	dpl, #0x10
      00014C 12r01r04         [24]  536 	lcall	_SSD1306_Command
                                    537 ;	main.c:101: SSD1306_Command(0x40); SSD1306_Command(0x81); SSD1306_Command(0x7F);
      00014F 75 82 40         [24]  538 	mov	dpl, #0x40
      000152 12r01r04         [24]  539 	lcall	_SSD1306_Command
      000155 75 82 81         [24]  540 	mov	dpl, #0x81
      000158 12r01r04         [24]  541 	lcall	_SSD1306_Command
      00015B 75 82 7F         [24]  542 	mov	dpl, #0x7f
      00015E 12r01r04         [24]  543 	lcall	_SSD1306_Command
                                    544 ;	main.c:102: SSD1306_Command(0xA1); SSD1306_Command(0xC8); SSD1306_Command(0xA6);
      000161 75 82 A1         [24]  545 	mov	dpl, #0xa1
      000164 12r01r04         [24]  546 	lcall	_SSD1306_Command
      000167 75 82 C8         [24]  547 	mov	dpl, #0xc8
      00016A 12r01r04         [24]  548 	lcall	_SSD1306_Command
      00016D 75 82 A6         [24]  549 	mov	dpl, #0xa6
      000170 12r01r04         [24]  550 	lcall	_SSD1306_Command
                                    551 ;	main.c:103: SSD1306_Command(0xA8); SSD1306_Command(0x3F); SSD1306_Command(0xD3); SSD1306_Command(0x00);
      000173 75 82 A8         [24]  552 	mov	dpl, #0xa8
      000176 12r01r04         [24]  553 	lcall	_SSD1306_Command
      000179 75 82 3F         [24]  554 	mov	dpl, #0x3f
      00017C 12r01r04         [24]  555 	lcall	_SSD1306_Command
      00017F 75 82 D3         [24]  556 	mov	dpl, #0xd3
      000182 12r01r04         [24]  557 	lcall	_SSD1306_Command
      000185 75 82 00         [24]  558 	mov	dpl, #0x00
      000188 12r01r04         [24]  559 	lcall	_SSD1306_Command
                                    560 ;	main.c:104: SSD1306_Command(0xD5); SSD1306_Command(0x80); SSD1306_Command(0xD9); SSD1306_Command(0x22);
      00018B 75 82 D5         [24]  561 	mov	dpl, #0xd5
      00018E 12r01r04         [24]  562 	lcall	_SSD1306_Command
      000191 75 82 80         [24]  563 	mov	dpl, #0x80
      000194 12r01r04         [24]  564 	lcall	_SSD1306_Command
      000197 75 82 D9         [24]  565 	mov	dpl, #0xd9
      00019A 12r01r04         [24]  566 	lcall	_SSD1306_Command
      00019D 75 82 22         [24]  567 	mov	dpl, #0x22
      0001A0 12r01r04         [24]  568 	lcall	_SSD1306_Command
                                    569 ;	main.c:105: SSD1306_Command(0xDA); SSD1306_Command(0x12); SSD1306_Command(0xDB); SSD1306_Command(0x20);
      0001A3 75 82 DA         [24]  570 	mov	dpl, #0xda
      0001A6 12r01r04         [24]  571 	lcall	_SSD1306_Command
      0001A9 75 82 12         [24]  572 	mov	dpl, #0x12
      0001AC 12r01r04         [24]  573 	lcall	_SSD1306_Command
      0001AF 75 82 DB         [24]  574 	mov	dpl, #0xdb
      0001B2 12r01r04         [24]  575 	lcall	_SSD1306_Command
      0001B5 75 82 20         [24]  576 	mov	dpl, #0x20
      0001B8 12r01r04         [24]  577 	lcall	_SSD1306_Command
                                    578 ;	main.c:106: SSD1306_Command(0x8D); SSD1306_Command(0x14); SSD1306_Command(0xA4); SSD1306_Command(0xAF);
      0001BB 75 82 8D         [24]  579 	mov	dpl, #0x8d
      0001BE 12r01r04         [24]  580 	lcall	_SSD1306_Command
      0001C1 75 82 14         [24]  581 	mov	dpl, #0x14
      0001C4 12r01r04         [24]  582 	lcall	_SSD1306_Command
      0001C7 75 82 A4         [24]  583 	mov	dpl, #0xa4
      0001CA 12r01r04         [24]  584 	lcall	_SSD1306_Command
      0001CD 75 82 AF         [24]  585 	mov	dpl, #0xaf
      0001D0 12r01r04         [24]  586 	lcall	_SSD1306_Command
                                    587 ;	main.c:107: Delay_ms(150);
      0001D3 90 00 96         [24]  588 	mov	dptr,#0x0096
                                    589 ;	main.c:108: }
      0001D6 02r00r00         [24]  590 	ljmp	_Delay_ms
                                    591 ;------------------------------------------------------------
                                    592 ;Allocation info for local variables in function 'SSD1306_Clear'
                                    593 ;------------------------------------------------------------
                                    594 ;m                         Allocated with name '_SSD1306_Clear_m_10000_29'
                                    595 ;n                         Allocated with name '_SSD1306_Clear_n_10000_29'
                                    596 ;------------------------------------------------------------
                                    597 ;	main.c:110: void SSD1306_Clear(void) {
                                    598 ;	-----------------------------------------
                                    599 ;	 function SSD1306_Clear
                                    600 ;	-----------------------------------------
      0001D9                        601 _SSD1306_Clear:
                                    602 ;	main.c:112: for(m = 0; m < 8; m++) {
      0001D9 7F 00            [12]  603 	mov	r7,#0x00
      0001DB                        604 00105$:
                                    605 ;	main.c:113: SSD1306_Command(0xB0 + m); SSD1306_Command(0x00); SSD1306_Command(0x10);
      0001DB 8F 06            [24]  606 	mov	ar6,r7
      0001DD 74 B0            [12]  607 	mov	a,#0xb0
      0001DF 2E               [12]  608 	add	a, r6
      0001E0 F5 82            [12]  609 	mov	dpl,a
      0001E2 C0 07            [24]  610 	push	ar7
      0001E4 12r01r04         [24]  611 	lcall	_SSD1306_Command
      0001E7 75 82 00         [24]  612 	mov	dpl, #0x00
      0001EA 12r01r04         [24]  613 	lcall	_SSD1306_Command
      0001ED 75 82 10         [24]  614 	mov	dpl, #0x10
      0001F0 12r01r04         [24]  615 	lcall	_SSD1306_Command
                                    616 ;	main.c:114: I2C_Start(); I2C_Write_Byte(SSD1306_ADDR); I2C_Write_Byte(0x40);
      0001F3 12r00r92         [24]  617 	lcall	_I2C_Start
      0001F6 75 82 78         [24]  618 	mov	dpl, #0x78
      0001F9 12r00rB6         [24]  619 	lcall	_I2C_Write_Byte
      0001FC 75 82 40         [24]  620 	mov	dpl, #0x40
      0001FF 12r00rB6         [24]  621 	lcall	_I2C_Write_Byte
      000202 D0 07            [24]  622 	pop	ar7
                                    623 ;	main.c:115: for(n = 0; n < 128; n++) { I2C_Write_Byte(0x00); }
      000204 7E 00            [12]  624 	mov	r6,#0x00
      000206                        625 00103$:
      000206 75 82 00         [24]  626 	mov	dpl, #0x00
      000209 C0 07            [24]  627 	push	ar7
      00020B C0 06            [24]  628 	push	ar6
      00020D 12r00rB6         [24]  629 	lcall	_I2C_Write_Byte
      000210 D0 06            [24]  630 	pop	ar6
      000212 D0 07            [24]  631 	pop	ar7
      000214 0E               [12]  632 	inc	r6
      000215 BE 80 00         [24]  633 	cjne	r6,#0x80,00129$
      000218                        634 00129$:
      000218 40 EC            [24]  635 	jc	00103$
                                    636 ;	main.c:116: I2C_Stop();
      00021A C0 07            [24]  637 	push	ar7
      00021C 12r00rA7         [24]  638 	lcall	_I2C_Stop
      00021F D0 07            [24]  639 	pop	ar7
                                    640 ;	main.c:112: for(m = 0; m < 8; m++) {
      000221 0F               [12]  641 	inc	r7
      000222 BF 08 00         [24]  642 	cjne	r7,#0x08,00131$
      000225                        643 00131$:
      000225 40 B4            [24]  644 	jc	00105$
                                    645 ;	main.c:118: }
      000227 22               [24]  646 	ret
                                    647 ;------------------------------------------------------------
                                    648 ;Allocation info for local variables in function 'SSD1306_SetCursor'
                                    649 ;------------------------------------------------------------
                                    650 ;x                         Allocated with name '_SSD1306_SetCursor_PARM_2'
                                    651 ;page                      Allocated with name '_SSD1306_SetCursor_page_10000_34'
                                    652 ;------------------------------------------------------------
                                    653 ;	main.c:120: void SSD1306_SetCursor(uint8_t page, uint8_t x) {
                                    654 ;	-----------------------------------------
                                    655 ;	 function SSD1306_SetCursor
                                    656 ;	-----------------------------------------
      000228                        657 _SSD1306_SetCursor:
      000228 E5 82            [12]  658 	mov	a,dpl
      00022A 90r00r08         [24]  659 	mov	dptr,#_SSD1306_SetCursor_page_10000_34
      00022D F0               [24]  660 	movx	@dptr,a
                                    661 ;	main.c:121: SSD1306_Command(0xB0 + page);
      00022E E0               [24]  662 	movx	a,@dptr
      00022F 24 B0            [12]  663 	add	a,#0xb0
      000231 F5 82            [12]  664 	mov	dpl,a
      000233 12r01r04         [24]  665 	lcall	_SSD1306_Command
                                    666 ;	main.c:122: SSD1306_Command(((x & 0xF0) >> 4) | 0x10);
      000236 90r00r07         [24]  667 	mov	dptr,#_SSD1306_SetCursor_PARM_2
      000239 E0               [24]  668 	movx	a,@dptr
      00023A FF               [12]  669 	mov	r7,a
      00023B FD               [12]  670 	mov	r5,a
      00023C 53 05 F0         [24]  671 	anl	ar5,#0xf0
      00023F E4               [12]  672 	clr	a
      000240 C4               [12]  673 	swap	a
      000241 CD               [12]  674 	xch	a,r5
      000242 C4               [12]  675 	swap	a
      000243 54 0F            [12]  676 	anl	a,#0x0f
      000245 6D               [12]  677 	xrl	a,r5
      000246 CD               [12]  678 	xch	a,r5
      000247 54 0F            [12]  679 	anl	a,#0x0f
      000249 CD               [12]  680 	xch	a,r5
      00024A 6D               [12]  681 	xrl	a,r5
      00024B CD               [12]  682 	xch	a,r5
      00024C 30 E3 02         [24]  683 	jnb	acc.3,00103$
      00024F 44 F0            [12]  684 	orl	a,#0xfffffff0
      000251                        685 00103$:
      000251 43 05 10         [24]  686 	orl	ar5,#0x10
      000254 8D 82            [24]  687 	mov	dpl, r5
      000256 C0 07            [24]  688 	push	ar7
      000258 12r01r04         [24]  689 	lcall	_SSD1306_Command
      00025B D0 07            [24]  690 	pop	ar7
                                    691 ;	main.c:123: SSD1306_Command(x & 0x0F);
      00025D 53 07 0F         [24]  692 	anl	ar7,#0x0f
      000260 8F 82            [24]  693 	mov	dpl, r7
                                    694 ;	main.c:124: }
      000262 02r01r04         [24]  695 	ljmp	_SSD1306_Command
                                    696 ;------------------------------------------------------------
                                    697 ;Allocation info for local variables in function 'SSD1306_WriteChar'
                                    698 ;------------------------------------------------------------
                                    699 ;x                         Allocated with name '_SSD1306_WriteChar_PARM_2'
                                    700 ;c                         Allocated with name '_SSD1306_WriteChar_PARM_3'
                                    701 ;page                      Allocated with name '_SSD1306_WriteChar_page_10000_36'
                                    702 ;i                         Allocated with name '_SSD1306_WriteChar_i_10000_37'
                                    703 ;idx                       Allocated with name '_SSD1306_WriteChar_idx_10000_37'
                                    704 ;------------------------------------------------------------
                                    705 ;	main.c:126: void SSD1306_WriteChar(uint8_t page, uint8_t x, unsigned char c) {
                                    706 ;	-----------------------------------------
                                    707 ;	 function SSD1306_WriteChar
                                    708 ;	-----------------------------------------
      000265                        709 _SSD1306_WriteChar:
      000265 E5 82            [12]  710 	mov	a,dpl
      000267 90r00r0B         [24]  711 	mov	dptr,#_SSD1306_WriteChar_page_10000_36
      00026A F0               [24]  712 	movx	@dptr,a
                                    713 ;	main.c:128: if (c >= '0' && c <= '9') idx = c - '0';
      00026B 90r00r0A         [24]  714 	mov	dptr,#_SSD1306_WriteChar_PARM_3
      00026E E0               [24]  715 	movx	a,@dptr
      00026F FF               [12]  716 	mov	r7,a
      000270 BF 30 00         [24]  717 	cjne	r7,#0x30,00221$
      000273                        718 00221$:
      000273 40 11            [24]  719 	jc	00128$
      000275 EF               [12]  720 	mov	a,r7
      000276 24 C6            [12]  721 	add	a,#0xff - 0x39
      000278 40 0C            [24]  722 	jc	00128$
      00027A 8F 06            [24]  723 	mov	ar6,r7
      00027C EE               [12]  724 	mov	a,r6
      00027D 24 D0            [12]  725 	add	a,#0xd0
      00027F 90r00r0C         [24]  726 	mov	dptr,#_SSD1306_WriteChar_idx_10000_37
      000282 F0               [24]  727 	movx	@dptr,a
      000283 02r02rF8         [24]  728 	ljmp	00129$
      000286                        729 00128$:
                                    730 ;	main.c:129: else if (c == '-') idx = 10;
      000286 BF 2D 09         [24]  731 	cjne	r7,#0x2d,00125$
      000289 90r00r0C         [24]  732 	mov	dptr,#_SSD1306_WriteChar_idx_10000_37
      00028C 74 0A            [12]  733 	mov	a,#0x0a
      00028E F0               [24]  734 	movx	@dptr,a
      00028F 02r02rF8         [24]  735 	ljmp	00129$
      000292                        736 00125$:
                                    737 ;	main.c:130: else if (c == ' ') idx = 11;
      000292 BF 20 09         [24]  738 	cjne	r7,#0x20,00122$
      000295 90r00r0C         [24]  739 	mov	dptr,#_SSD1306_WriteChar_idx_10000_37
      000298 74 0B            [12]  740 	mov	a,#0x0b
      00029A F0               [24]  741 	movx	@dptr,a
      00029B 02r02rF8         [24]  742 	ljmp	00129$
      00029E                        743 00122$:
                                    744 ;	main.c:131: else if (c == '.') idx = 12;
      00029E BF 2E 08         [24]  745 	cjne	r7,#0x2e,00119$
      0002A1 90r00r0C         [24]  746 	mov	dptr,#_SSD1306_WriteChar_idx_10000_37
      0002A4 74 0C            [12]  747 	mov	a,#0x0c
      0002A6 F0               [24]  748 	movx	@dptr,a
      0002A7 80 4F            [24]  749 	sjmp	00129$
      0002A9                        750 00119$:
                                    751 ;	main.c:132: else if (c == ':') idx = 13;
      0002A9 BF 3A 08         [24]  752 	cjne	r7,#0x3a,00116$
      0002AC 90r00r0C         [24]  753 	mov	dptr,#_SSD1306_WriteChar_idx_10000_37
      0002AF 74 0D            [12]  754 	mov	a,#0x0d
      0002B1 F0               [24]  755 	movx	@dptr,a
      0002B2 80 44            [24]  756 	sjmp	00129$
      0002B4                        757 00116$:
                                    758 ;	main.c:133: else if (c == '*') idx = 14;
      0002B4 BF 2A 08         [24]  759 	cjne	r7,#0x2a,00113$
      0002B7 90r00r0C         [24]  760 	mov	dptr,#_SSD1306_WriteChar_idx_10000_37
      0002BA 74 0E            [12]  761 	mov	a,#0x0e
      0002BC F0               [24]  762 	movx	@dptr,a
      0002BD 80 39            [24]  763 	sjmp	00129$
      0002BF                        764 00113$:
                                    765 ;	main.c:134: else if (c == '=') idx = 15;
      0002BF BF 3D 08         [24]  766 	cjne	r7,#0x3d,00110$
      0002C2 90r00r0C         [24]  767 	mov	dptr,#_SSD1306_WriteChar_idx_10000_37
      0002C5 74 0F            [12]  768 	mov	a,#0x0f
      0002C7 F0               [24]  769 	movx	@dptr,a
      0002C8 80 2E            [24]  770 	sjmp	00129$
      0002CA                        771 00110$:
                                    772 ;	main.c:135: else if (c >= 'A' && c <= 'Z') { idx = c - 'A' + 16; }
      0002CA BF 41 00         [24]  773 	cjne	r7,#0x41,00236$
      0002CD                        774 00236$:
      0002CD 40 10            [24]  775 	jc	00106$
      0002CF EF               [12]  776 	mov	a,r7
      0002D0 24 A5            [12]  777 	add	a,#0xff - 0x5a
      0002D2 40 0B            [24]  778 	jc	00106$
      0002D4 8F 06            [24]  779 	mov	ar6,r7
      0002D6 90r00r0C         [24]  780 	mov	dptr,#_SSD1306_WriteChar_idx_10000_37
      0002D9 74 CF            [12]  781 	mov	a,#0xcf
      0002DB 2E               [12]  782 	add	a, r6
      0002DC F0               [24]  783 	movx	@dptr,a
      0002DD 80 19            [24]  784 	sjmp	00129$
      0002DF                        785 00106$:
                                    786 ;	main.c:136: else if (c >= 'a' && c <= 'z') { idx = c - 'a' + 16; }
      0002DF BF 61 00         [24]  787 	cjne	r7,#0x61,00239$
      0002E2                        788 00239$:
      0002E2 40 0E            [24]  789 	jc	00102$
      0002E4 EF               [12]  790 	mov	a,r7
      0002E5 24 85            [12]  791 	add	a,#0xff - 0x7a
      0002E7 40 09            [24]  792 	jc	00102$
      0002E9 90r00r0C         [24]  793 	mov	dptr,#_SSD1306_WriteChar_idx_10000_37
      0002EC 74 AF            [12]  794 	mov	a,#0xaf
      0002EE 2F               [12]  795 	add	a, r7
      0002EF F0               [24]  796 	movx	@dptr,a
      0002F0 80 06            [24]  797 	sjmp	00129$
      0002F2                        798 00102$:
                                    799 ;	main.c:137: else idx = 11;
      0002F2 90r00r0C         [24]  800 	mov	dptr,#_SSD1306_WriteChar_idx_10000_37
      0002F5 74 0B            [12]  801 	mov	a,#0x0b
      0002F7 F0               [24]  802 	movx	@dptr,a
      0002F8                        803 00129$:
                                    804 ;	main.c:139: SSD1306_SetCursor(page, x);
      0002F8 90r00r0B         [24]  805 	mov	dptr,#_SSD1306_WriteChar_page_10000_36
      0002FB E0               [24]  806 	movx	a,@dptr
      0002FC FF               [12]  807 	mov	r7,a
      0002FD 90r00r09         [24]  808 	mov	dptr,#_SSD1306_WriteChar_PARM_2
      000300 E0               [24]  809 	movx	a,@dptr
      000301 90r00r07         [24]  810 	mov	dptr,#_SSD1306_SetCursor_PARM_2
      000304 F0               [24]  811 	movx	@dptr,a
      000305 8F 82            [24]  812 	mov	dpl, r7
      000307 12r02r28         [24]  813 	lcall	_SSD1306_SetCursor
                                    814 ;	main.c:140: I2C_Start(); I2C_Write_Byte(SSD1306_ADDR); I2C_Write_Byte(0x40);
      00030A 12r00r92         [24]  815 	lcall	_I2C_Start
      00030D 75 82 78         [24]  816 	mov	dpl, #0x78
      000310 12r00rB6         [24]  817 	lcall	_I2C_Write_Byte
      000313 75 82 40         [24]  818 	mov	dpl, #0x40
      000316 12r00rB6         [24]  819 	lcall	_I2C_Write_Byte
                                    820 ;	main.c:141: for(i = 0; i < 8; i++) { I2C_Write_Byte(Font_8x8[idx][i]); }
      000319 90r00r0C         [24]  821 	mov	dptr,#_SSD1306_WriteChar_idx_10000_37
      00031C E0               [24]  822 	movx	a,@dptr
      00031D 75 F0 08         [24]  823 	mov	b,#0x08
      000320 A4               [48]  824 	mul	ab
      000321 24r00            [12]  825 	add	a, #_Font_8x8
      000323 FE               [12]  826 	mov	r6,a
      000324 74s00            [12]  827 	mov	a,#(_Font_8x8 >> 8)
      000326 35 F0            [12]  828 	addc	a, b
      000328 FF               [12]  829 	mov	r7,a
      000329 7D 00            [12]  830 	mov	r5,#0x00
      00032B                        831 00132$:
      00032B ED               [12]  832 	mov	a,r5
      00032C 2E               [12]  833 	add	a, r6
      00032D F5 82            [12]  834 	mov	dpl,a
      00032F E4               [12]  835 	clr	a
      000330 3F               [12]  836 	addc	a, r7
      000331 F5 83            [12]  837 	mov	dph,a
      000333 E4               [12]  838 	clr	a
      000334 93               [24]  839 	movc	a,@a+dptr
      000335 F5 82            [12]  840 	mov	dpl,a
      000337 C0 07            [24]  841 	push	ar7
      000339 C0 06            [24]  842 	push	ar6
      00033B C0 05            [24]  843 	push	ar5
      00033D 12r00rB6         [24]  844 	lcall	_I2C_Write_Byte
      000340 D0 05            [24]  845 	pop	ar5
      000342 D0 06            [24]  846 	pop	ar6
      000344 D0 07            [24]  847 	pop	ar7
      000346 0D               [12]  848 	inc	r5
      000347 BD 08 00         [24]  849 	cjne	r5,#0x08,00242$
      00034A                        850 00242$:
      00034A 40 DF            [24]  851 	jc	00132$
                                    852 ;	main.c:142: I2C_Stop();
                                    853 ;	main.c:143: }
      00034C 02r00rA7         [24]  854 	ljmp	_I2C_Stop
                                    855 ;------------------------------------------------------------
                                    856 ;Allocation info for local variables in function 'SSD1306_PrintString'
                                    857 ;------------------------------------------------------------
                                    858 ;x                         Allocated with name '_SSD1306_PrintString_PARM_2'
                                    859 ;str                       Allocated with name '_SSD1306_PrintString_PARM_3'
                                    860 ;page                      Allocated with name '_SSD1306_PrintString_page_10000_42'
                                    861 ;------------------------------------------------------------
                                    862 ;	main.c:145: void SSD1306_PrintString(uint8_t page, uint8_t x, char *str) {
                                    863 ;	-----------------------------------------
                                    864 ;	 function SSD1306_PrintString
                                    865 ;	-----------------------------------------
      00034F                        866 _SSD1306_PrintString:
      00034F E5 82            [12]  867 	mov	a,dpl
      000351 90r00r11         [24]  868 	mov	dptr,#_SSD1306_PrintString_page_10000_42
      000354 F0               [24]  869 	movx	@dptr,a
                                    870 ;	main.c:146: while (*str) { SSD1306_WriteChar(page, x, (unsigned char)*str); x += 8; str++; }
      000355 E0               [24]  871 	movx	a,@dptr
      000356 FF               [12]  872 	mov	r7,a
      000357 90r00r0E         [24]  873 	mov	dptr,#_SSD1306_PrintString_PARM_3
      00035A E0               [24]  874 	movx	a,@dptr
      00035B FC               [12]  875 	mov	r4,a
      00035C A3               [24]  876 	inc	dptr
      00035D E0               [24]  877 	movx	a,@dptr
      00035E FD               [12]  878 	mov	r5,a
      00035F A3               [24]  879 	inc	dptr
      000360 E0               [24]  880 	movx	a,@dptr
      000361 FE               [12]  881 	mov	r6,a
      000362                        882 00101$:
      000362 8C 82            [24]  883 	mov	dpl,r4
      000364 8D 83            [24]  884 	mov	dph,r5
      000366 8E F0            [24]  885 	mov	b,r6
      000368 12r00r00         [24]  886 	lcall	__gptrget
      00036B FB               [12]  887 	mov	r3,a
      00036C 60 35            [24]  888 	jz	00104$
      00036E 90r00r0D         [24]  889 	mov	dptr,#_SSD1306_PrintString_PARM_2
      000371 E0               [24]  890 	movx	a,@dptr
      000372 FA               [12]  891 	mov	r2,a
      000373 90r00r09         [24]  892 	mov	dptr,#_SSD1306_WriteChar_PARM_2
      000376 F0               [24]  893 	movx	@dptr,a
      000377 90r00r0A         [24]  894 	mov	dptr,#_SSD1306_WriteChar_PARM_3
      00037A EB               [12]  895 	mov	a,r3
      00037B F0               [24]  896 	movx	@dptr,a
      00037C 8F 82            [24]  897 	mov	dpl, r7
      00037E C0 07            [24]  898 	push	ar7
      000380 C0 06            [24]  899 	push	ar6
      000382 C0 05            [24]  900 	push	ar5
      000384 C0 04            [24]  901 	push	ar4
      000386 C0 02            [24]  902 	push	ar2
      000388 12r02r65         [24]  903 	lcall	_SSD1306_WriteChar
      00038B D0 02            [24]  904 	pop	ar2
      00038D D0 04            [24]  905 	pop	ar4
      00038F D0 05            [24]  906 	pop	ar5
      000391 D0 06            [24]  907 	pop	ar6
      000393 D0 07            [24]  908 	pop	ar7
      000395 90r00r0D         [24]  909 	mov	dptr,#_SSD1306_PrintString_PARM_2
      000398 74 08            [12]  910 	mov	a,#0x08
      00039A 2A               [12]  911 	add	a, r2
      00039B F0               [24]  912 	movx	@dptr,a
      00039C 0C               [12]  913 	inc	r4
      00039D BC 00 C2         [24]  914 	cjne	r4,#0x00,00101$
      0003A0 0D               [12]  915 	inc	r5
      0003A1 80 BF            [24]  916 	sjmp	00101$
      0003A3                        917 00104$:
                                    918 ;	main.c:147: }
      0003A3 22               [24]  919 	ret
                                    920 ;------------------------------------------------------------
                                    921 ;Allocation info for local variables in function 'SSD1306_DisplayResult'
                                    922 ;------------------------------------------------------------
                                    923 ;sloc0                     Allocated with name '_SSD1306_DisplayResult_sloc0_1_0'
                                    924 ;sloc1                     Allocated with name '_SSD1306_DisplayResult_sloc1_1_0'
                                    925 ;sloc2                     Allocated with name '_SSD1306_DisplayResult_sloc2_1_0'
                                    926 ;x                         Allocated with name '_SSD1306_DisplayResult_PARM_2'
                                    927 ;val                       Allocated with name '_SSD1306_DisplayResult_PARM_3'
                                    928 ;is_microfarads            Allocated with name '_SSD1306_DisplayResult_PARM_4'
                                    929 ;page                      Allocated with name '_SSD1306_DisplayResult_page_10000_45'
                                    930 ;------------------------------------------------------------
                                    931 ;	main.c:149: void SSD1306_DisplayResult(uint8_t page, uint8_t x, uint32_t val, uint8_t is_microfarads) {
                                    932 ;	-----------------------------------------
                                    933 ;	 function SSD1306_DisplayResult
                                    934 ;	-----------------------------------------
      0003A4                        935 _SSD1306_DisplayResult:
      0003A4 E5 82            [12]  936 	mov	a,dpl
      0003A6 90r00r18         [24]  937 	mov	dptr,#_SSD1306_DisplayResult_page_10000_45
      0003A9 F0               [24]  938 	movx	@dptr,a
                                    939 ;	main.c:150: SSD1306_PrintString(page, x, "CX: ");
      0003AA E0               [24]  940 	movx	a,@dptr
      0003AB FF               [12]  941 	mov	r7,a
      0003AC 90r00r12         [24]  942 	mov	dptr,#_SSD1306_DisplayResult_PARM_2
      0003AF E0               [24]  943 	movx	a,@dptr
      0003B0 FE               [12]  944 	mov	r6,a
      0003B1 90r00r0D         [24]  945 	mov	dptr,#_SSD1306_PrintString_PARM_2
      0003B4 F0               [24]  946 	movx	@dptr,a
      0003B5 90r00r0E         [24]  947 	mov	dptr,#_SSD1306_PrintString_PARM_3
      0003B8 74r50            [12]  948 	mov	a,#___str_0
      0003BA F0               [24]  949 	movx	@dptr,a
      0003BB 74s01            [12]  950 	mov	a,#(___str_0 >> 8)
      0003BD A3               [24]  951 	inc	dptr
      0003BE F0               [24]  952 	movx	@dptr,a
      0003BF 74 80            [12]  953 	mov	a,#0x80
      0003C1 A3               [24]  954 	inc	dptr
      0003C2 F0               [24]  955 	movx	@dptr,a
      0003C3 8F 82            [24]  956 	mov	dpl, r7
      0003C5 C0 07            [24]  957 	push	ar7
      0003C7 C0 06            [24]  958 	push	ar6
      0003C9 12r03r4F         [24]  959 	lcall	_SSD1306_PrintString
      0003CC D0 06            [24]  960 	pop	ar6
      0003CE D0 07            [24]  961 	pop	ar7
                                    962 ;	main.c:151: x += 32;
      0003D0 90r00r12         [24]  963 	mov	dptr,#_SSD1306_DisplayResult_PARM_2
      0003D3 74 20            [12]  964 	mov	a,#0x20
      0003D5 2E               [12]  965 	add	a, r6
      0003D6 F0               [24]  966 	movx	@dptr,a
                                    967 ;	main.c:153: if (!is_microfarads) {
      0003D7 90r00r17         [24]  968 	mov	dptr,#_SSD1306_DisplayResult_PARM_4
      0003DA E0               [24]  969 	movx	a,@dptr
      0003DB 60 03            [24]  970 	jz	00120$
      0003DD 02r05rFC         [24]  971 	ljmp	00104$
      0003E0                        972 00120$:
                                    973 ;	main.c:154: if (val <= 139) {
      0003E0 90r00r13         [24]  974 	mov	dptr,#_SSD1306_DisplayResult_PARM_3
      0003E3 E0               [24]  975 	movx	a,@dptr
      0003E4 FB               [12]  976 	mov	r3,a
      0003E5 A3               [24]  977 	inc	dptr
      0003E6 E0               [24]  978 	movx	a,@dptr
      0003E7 FC               [12]  979 	mov	r4,a
      0003E8 A3               [24]  980 	inc	dptr
      0003E9 E0               [24]  981 	movx	a,@dptr
      0003EA FD               [12]  982 	mov	r5,a
      0003EB A3               [24]  983 	inc	dptr
      0003EC E0               [24]  984 	movx	a,@dptr
      0003ED FE               [12]  985 	mov	r6,a
      0003EE C3               [12]  986 	clr	c
      0003EF 74 8B            [12]  987 	mov	a,#0x8b
      0003F1 9B               [12]  988 	subb	a,r3
      0003F2 E4               [12]  989 	clr	a
      0003F3 9C               [12]  990 	subb	a,r4
      0003F4 E4               [12]  991 	clr	a
      0003F5 9D               [12]  992 	subb	a,r5
      0003F6 E4               [12]  993 	clr	a
      0003F7 9E               [12]  994 	subb	a,r6
      0003F8 40 1B            [24]  995 	jc	00102$
                                    996 ;	main.c:155: SSD1306_PrintString(page, x, "  0.0 NF");
      0003FA 90r00r12         [24]  997 	mov	dptr,#_SSD1306_DisplayResult_PARM_2
      0003FD E0               [24]  998 	movx	a,@dptr
      0003FE 90r00r0D         [24]  999 	mov	dptr,#_SSD1306_PrintString_PARM_2
      000401 F0               [24] 1000 	movx	@dptr,a
      000402 90r00r0E         [24] 1001 	mov	dptr,#_SSD1306_PrintString_PARM_3
      000405 74r55            [12] 1002 	mov	a,#___str_1
      000407 F0               [24] 1003 	movx	@dptr,a
      000408 74s01            [12] 1004 	mov	a,#(___str_1 >> 8)
      00040A A3               [24] 1005 	inc	dptr
      00040B F0               [24] 1006 	movx	@dptr,a
      00040C 74 80            [12] 1007 	mov	a,#0x80
      00040E A3               [24] 1008 	inc	dptr
      00040F F0               [24] 1009 	movx	@dptr,a
      000410 8F 82            [24] 1010 	mov	dpl, r7
                                   1011 ;	main.c:156: return;
      000412 02r03r4F         [24] 1012 	ljmp	_SSD1306_PrintString
      000415                       1013 00102$:
                                   1014 ;	main.c:158: val -= 139;
      000415 EB               [12] 1015 	mov	a,r3
      000416 24 75            [12] 1016 	add	a,#0x75
      000418 FB               [12] 1017 	mov	r3,a
      000419 EC               [12] 1018 	mov	a,r4
      00041A 34 FF            [12] 1019 	addc	a,#0xff
      00041C FC               [12] 1020 	mov	r4,a
      00041D ED               [12] 1021 	mov	a,r5
      00041E 34 FF            [12] 1022 	addc	a,#0xff
      000420 FD               [12] 1023 	mov	r5,a
      000421 EE               [12] 1024 	mov	a,r6
      000422 34 FF            [12] 1025 	addc	a,#0xff
      000424 FE               [12] 1026 	mov	r6,a
      000425 90r00r13         [24] 1027 	mov	dptr,#_SSD1306_DisplayResult_PARM_3
      000428 EB               [12] 1028 	mov	a,r3
      000429 F0               [24] 1029 	movx	@dptr,a
      00042A EC               [12] 1030 	mov	a,r4
      00042B A3               [24] 1031 	inc	dptr
      00042C F0               [24] 1032 	movx	@dptr,a
      00042D ED               [12] 1033 	mov	a,r5
      00042E A3               [24] 1034 	inc	dptr
      00042F F0               [24] 1035 	movx	@dptr,a
      000430 EE               [12] 1036 	mov	a,r6
      000431 A3               [24] 1037 	inc	dptr
      000432 F0               [24] 1038 	movx	@dptr,a
                                   1039 ;	main.c:160: SSD1306_WriteChar(page, x, ((val / 1000) % 10) + '0'); x += 8;
      000433 90r00r12         [24] 1040 	mov	dptr,#_SSD1306_DisplayResult_PARM_2
      000436 E0               [24] 1041 	movx	a,@dptr
      000437 F5*00            [12] 1042 	mov	_SSD1306_DisplayResult_sloc0_1_0,a
      000439 90r00r13         [24] 1043 	mov	dptr,#_SSD1306_DisplayResult_PARM_3
      00043C E0               [24] 1044 	movx	a,@dptr
      00043D F5*01            [12] 1045 	mov	_SSD1306_DisplayResult_sloc1_1_0,a
      00043F A3               [24] 1046 	inc	dptr
      000440 E0               [24] 1047 	movx	a,@dptr
      000441 F5*02            [12] 1048 	mov	(_SSD1306_DisplayResult_sloc1_1_0 + 1),a
      000443 A3               [24] 1049 	inc	dptr
      000444 E0               [24] 1050 	movx	a,@dptr
      000445 F5*03            [12] 1051 	mov	(_SSD1306_DisplayResult_sloc1_1_0 + 2),a
      000447 A3               [24] 1052 	inc	dptr
      000448 E0               [24] 1053 	movx	a,@dptr
      000449 F5*04            [12] 1054 	mov	(_SSD1306_DisplayResult_sloc1_1_0 + 3),a
      00044B 90r00r00         [24] 1055 	mov	dptr,#__divulong_PARM_2
      00044E 74 E8            [12] 1056 	mov	a,#0xe8
      000450 F0               [24] 1057 	movx	@dptr,a
      000451 74 03            [12] 1058 	mov	a,#0x03
      000453 A3               [24] 1059 	inc	dptr
      000454 F0               [24] 1060 	movx	@dptr,a
      000455 E4               [12] 1061 	clr	a
      000456 A3               [24] 1062 	inc	dptr
      000457 F0               [24] 1063 	movx	@dptr,a
      000458 A3               [24] 1064 	inc	dptr
      000459 F0               [24] 1065 	movx	@dptr,a
      00045A 85*01 82         [24] 1066 	mov	dpl, _SSD1306_DisplayResult_sloc1_1_0
      00045D 85*02 83         [24] 1067 	mov	dph, (_SSD1306_DisplayResult_sloc1_1_0 + 1)
      000460 85*03 F0         [24] 1068 	mov	b, (_SSD1306_DisplayResult_sloc1_1_0 + 2)
      000463 E5*04            [12] 1069 	mov	a, (_SSD1306_DisplayResult_sloc1_1_0 + 3)
      000465 C0 07            [24] 1070 	push	ar7
      000467 12r00r00         [24] 1071 	lcall	__divulong
      00046A A8 82            [24] 1072 	mov	r0, dpl
      00046C A9 83            [24] 1073 	mov	r1, dph
      00046E AD F0            [24] 1074 	mov	r5, b
      000470 FE               [12] 1075 	mov	r6, a
      000471 90r00r00         [24] 1076 	mov	dptr,#__modulong_PARM_2
      000474 74 0A            [12] 1077 	mov	a,#0x0a
      000476 F0               [24] 1078 	movx	@dptr,a
      000477 E4               [12] 1079 	clr	a
      000478 A3               [24] 1080 	inc	dptr
      000479 F0               [24] 1081 	movx	@dptr,a
      00047A A3               [24] 1082 	inc	dptr
      00047B F0               [24] 1083 	movx	@dptr,a
      00047C A3               [24] 1084 	inc	dptr
      00047D F0               [24] 1085 	movx	@dptr,a
      00047E 88 82            [24] 1086 	mov	dpl, r0
      000480 89 83            [24] 1087 	mov	dph, r1
      000482 8D F0            [24] 1088 	mov	b, r5
      000484 EE               [12] 1089 	mov	a, r6
      000485 12r00r00         [24] 1090 	lcall	__modulong
      000488 AB 82            [24] 1091 	mov	r3, dpl
      00048A D0 07            [24] 1092 	pop	ar7
      00048C 74 30            [12] 1093 	mov	a,#0x30
      00048E 2B               [12] 1094 	add	a, r3
      00048F FB               [12] 1095 	mov	r3,a
      000490 90r00r09         [24] 1096 	mov	dptr,#_SSD1306_WriteChar_PARM_2
      000493 E5*00            [12] 1097 	mov	a,_SSD1306_DisplayResult_sloc0_1_0
      000495 F0               [24] 1098 	movx	@dptr,a
      000496 90r00r0A         [24] 1099 	mov	dptr,#_SSD1306_WriteChar_PARM_3
      000499 EB               [12] 1100 	mov	a,r3
      00049A F0               [24] 1101 	movx	@dptr,a
      00049B 8F 82            [24] 1102 	mov	dpl, r7
      00049D C0 07            [24] 1103 	push	ar7
      00049F 12r02r65         [24] 1104 	lcall	_SSD1306_WriteChar
      0004A2 D0 07            [24] 1105 	pop	ar7
      0004A4 AE*00            [24] 1106 	mov	r6,_SSD1306_DisplayResult_sloc0_1_0
      0004A6 90r00r12         [24] 1107 	mov	dptr,#_SSD1306_DisplayResult_PARM_2
      0004A9 74 08            [12] 1108 	mov	a,#0x08
      0004AB 2E               [12] 1109 	add	a, r6
      0004AC F0               [24] 1110 	movx	@dptr,a
                                   1111 ;	main.c:161: SSD1306_WriteChar(page, x, ((val / 100) % 10) + '0');  x += 8;
      0004AD E0               [24] 1112 	movx	a,@dptr
      0004AE FE               [12] 1113 	mov	r6,a
      0004AF 90r00r00         [24] 1114 	mov	dptr,#__divulong_PARM_2
      0004B2 74 64            [12] 1115 	mov	a,#0x64
      0004B4 F0               [24] 1116 	movx	@dptr,a
      0004B5 E4               [12] 1117 	clr	a
      0004B6 A3               [24] 1118 	inc	dptr
      0004B7 F0               [24] 1119 	movx	@dptr,a
      0004B8 A3               [24] 1120 	inc	dptr
      0004B9 F0               [24] 1121 	movx	@dptr,a
      0004BA A3               [24] 1122 	inc	dptr
      0004BB F0               [24] 1123 	movx	@dptr,a
      0004BC 85*01 82         [24] 1124 	mov	dpl, _SSD1306_DisplayResult_sloc1_1_0
      0004BF 85*02 83         [24] 1125 	mov	dph, (_SSD1306_DisplayResult_sloc1_1_0 + 1)
      0004C2 85*03 F0         [24] 1126 	mov	b, (_SSD1306_DisplayResult_sloc1_1_0 + 2)
      0004C5 E5*04            [12] 1127 	mov	a, (_SSD1306_DisplayResult_sloc1_1_0 + 3)
      0004C7 C0 07            [24] 1128 	push	ar7
      0004C9 C0 06            [24] 1129 	push	ar6
      0004CB 12r00r00         [24] 1130 	lcall	__divulong
      0004CE AA 82            [24] 1131 	mov	r2, dpl
      0004D0 AB 83            [24] 1132 	mov	r3, dph
      0004D2 AC F0            [24] 1133 	mov	r4, b
      0004D4 FD               [12] 1134 	mov	r5, a
      0004D5 90r00r00         [24] 1135 	mov	dptr,#__modulong_PARM_2
      0004D8 74 0A            [12] 1136 	mov	a,#0x0a
      0004DA F0               [24] 1137 	movx	@dptr,a
      0004DB E4               [12] 1138 	clr	a
      0004DC A3               [24] 1139 	inc	dptr
      0004DD F0               [24] 1140 	movx	@dptr,a
      0004DE A3               [24] 1141 	inc	dptr
      0004DF F0               [24] 1142 	movx	@dptr,a
      0004E0 A3               [24] 1143 	inc	dptr
      0004E1 F0               [24] 1144 	movx	@dptr,a
      0004E2 8A 82            [24] 1145 	mov	dpl, r2
      0004E4 8B 83            [24] 1146 	mov	dph, r3
      0004E6 8C F0            [24] 1147 	mov	b, r4
      0004E8 ED               [12] 1148 	mov	a, r5
      0004E9 12r00r00         [24] 1149 	lcall	__modulong
      0004EC AA 82            [24] 1150 	mov	r2, dpl
      0004EE D0 06            [24] 1151 	pop	ar6
      0004F0 D0 07            [24] 1152 	pop	ar7
      0004F2 74 30            [12] 1153 	mov	a,#0x30
      0004F4 2A               [12] 1154 	add	a, r2
      0004F5 FA               [12] 1155 	mov	r2,a
      0004F6 90r00r09         [24] 1156 	mov	dptr,#_SSD1306_WriteChar_PARM_2
      0004F9 EE               [12] 1157 	mov	a,r6
      0004FA F0               [24] 1158 	movx	@dptr,a
      0004FB 90r00r0A         [24] 1159 	mov	dptr,#_SSD1306_WriteChar_PARM_3
      0004FE EA               [12] 1160 	mov	a,r2
      0004FF F0               [24] 1161 	movx	@dptr,a
      000500 8F 82            [24] 1162 	mov	dpl, r7
      000502 C0 07            [24] 1163 	push	ar7
      000504 C0 06            [24] 1164 	push	ar6
      000506 12r02r65         [24] 1165 	lcall	_SSD1306_WriteChar
      000509 D0 06            [24] 1166 	pop	ar6
      00050B D0 07            [24] 1167 	pop	ar7
      00050D 90r00r12         [24] 1168 	mov	dptr,#_SSD1306_DisplayResult_PARM_2
      000510 74 08            [12] 1169 	mov	a,#0x08
      000512 2E               [12] 1170 	add	a, r6
      000513 F0               [24] 1171 	movx	@dptr,a
                                   1172 ;	main.c:162: SSD1306_WriteChar(page, x, ((val / 10) % 10) + '0');   x += 8;
      000514 E0               [24] 1173 	movx	a,@dptr
      000515 FE               [12] 1174 	mov	r6,a
      000516 90r00r00         [24] 1175 	mov	dptr,#__divulong_PARM_2
      000519 74 0A            [12] 1176 	mov	a,#0x0a
      00051B F0               [24] 1177 	movx	@dptr,a
      00051C E4               [12] 1178 	clr	a
      00051D A3               [24] 1179 	inc	dptr
      00051E F0               [24] 1180 	movx	@dptr,a
      00051F A3               [24] 1181 	inc	dptr
      000520 F0               [24] 1182 	movx	@dptr,a
      000521 A3               [24] 1183 	inc	dptr
      000522 F0               [24] 1184 	movx	@dptr,a
      000523 85*01 82         [24] 1185 	mov	dpl, _SSD1306_DisplayResult_sloc1_1_0
      000526 85*02 83         [24] 1186 	mov	dph, (_SSD1306_DisplayResult_sloc1_1_0 + 1)
      000529 85*03 F0         [24] 1187 	mov	b, (_SSD1306_DisplayResult_sloc1_1_0 + 2)
      00052C E5*04            [12] 1188 	mov	a, (_SSD1306_DisplayResult_sloc1_1_0 + 3)
      00052E C0 07            [24] 1189 	push	ar7
      000530 C0 06            [24] 1190 	push	ar6
      000532 12r00r00         [24] 1191 	lcall	__divulong
      000535 AA 82            [24] 1192 	mov	r2, dpl
      000537 AB 83            [24] 1193 	mov	r3, dph
      000539 AC F0            [24] 1194 	mov	r4, b
      00053B FD               [12] 1195 	mov	r5, a
      00053C 90r00r00         [24] 1196 	mov	dptr,#__modulong_PARM_2
      00053F 74 0A            [12] 1197 	mov	a,#0x0a
      000541 F0               [24] 1198 	movx	@dptr,a
      000542 E4               [12] 1199 	clr	a
      000543 A3               [24] 1200 	inc	dptr
      000544 F0               [24] 1201 	movx	@dptr,a
      000545 A3               [24] 1202 	inc	dptr
      000546 F0               [24] 1203 	movx	@dptr,a
      000547 A3               [24] 1204 	inc	dptr
      000548 F0               [24] 1205 	movx	@dptr,a
      000549 8A 82            [24] 1206 	mov	dpl, r2
      00054B 8B 83            [24] 1207 	mov	dph, r3
      00054D 8C F0            [24] 1208 	mov	b, r4
      00054F ED               [12] 1209 	mov	a, r5
      000550 12r00r00         [24] 1210 	lcall	__modulong
      000553 AA 82            [24] 1211 	mov	r2, dpl
      000555 D0 06            [24] 1212 	pop	ar6
      000557 D0 07            [24] 1213 	pop	ar7
      000559 74 30            [12] 1214 	mov	a,#0x30
      00055B 2A               [12] 1215 	add	a, r2
      00055C FA               [12] 1216 	mov	r2,a
      00055D 90r00r09         [24] 1217 	mov	dptr,#_SSD1306_WriteChar_PARM_2
      000560 EE               [12] 1218 	mov	a,r6
      000561 F0               [24] 1219 	movx	@dptr,a
      000562 90r00r0A         [24] 1220 	mov	dptr,#_SSD1306_WriteChar_PARM_3
      000565 EA               [12] 1221 	mov	a,r2
      000566 F0               [24] 1222 	movx	@dptr,a
      000567 8F 82            [24] 1223 	mov	dpl, r7
      000569 C0 07            [24] 1224 	push	ar7
      00056B C0 06            [24] 1225 	push	ar6
      00056D 12r02r65         [24] 1226 	lcall	_SSD1306_WriteChar
      000570 D0 06            [24] 1227 	pop	ar6
      000572 D0 07            [24] 1228 	pop	ar7
      000574 90r00r12         [24] 1229 	mov	dptr,#_SSD1306_DisplayResult_PARM_2
      000577 74 08            [12] 1230 	mov	a,#0x08
      000579 2E               [12] 1231 	add	a, r6
      00057A F0               [24] 1232 	movx	@dptr,a
                                   1233 ;	main.c:163: SSD1306_WriteChar(page, x, '.');                       x += 8;
      00057B E0               [24] 1234 	movx	a,@dptr
      00057C FE               [12] 1235 	mov	r6,a
      00057D 90r00r09         [24] 1236 	mov	dptr,#_SSD1306_WriteChar_PARM_2
      000580 F0               [24] 1237 	movx	@dptr,a
      000581 90r00r0A         [24] 1238 	mov	dptr,#_SSD1306_WriteChar_PARM_3
      000584 74 2E            [12] 1239 	mov	a,#0x2e
      000586 F0               [24] 1240 	movx	@dptr,a
      000587 8F 82            [24] 1241 	mov	dpl, r7
      000589 C0 07            [24] 1242 	push	ar7
      00058B C0 06            [24] 1243 	push	ar6
      00058D 12r02r65         [24] 1244 	lcall	_SSD1306_WriteChar
      000590 D0 06            [24] 1245 	pop	ar6
      000592 D0 07            [24] 1246 	pop	ar7
      000594 90r00r12         [24] 1247 	mov	dptr,#_SSD1306_DisplayResult_PARM_2
      000597 74 08            [12] 1248 	mov	a,#0x08
      000599 2E               [12] 1249 	add	a, r6
      00059A F0               [24] 1250 	movx	@dptr,a
                                   1251 ;	main.c:164: SSD1306_WriteChar(page, x, (val % 10) + '0');          x += 8;
      00059B E0               [24] 1252 	movx	a,@dptr
      00059C FE               [12] 1253 	mov	r6,a
      00059D 90r00r00         [24] 1254 	mov	dptr,#__modulong_PARM_2
      0005A0 74 0A            [12] 1255 	mov	a,#0x0a
      0005A2 F0               [24] 1256 	movx	@dptr,a
      0005A3 E4               [12] 1257 	clr	a
      0005A4 A3               [24] 1258 	inc	dptr
      0005A5 F0               [24] 1259 	movx	@dptr,a
      0005A6 A3               [24] 1260 	inc	dptr
      0005A7 F0               [24] 1261 	movx	@dptr,a
      0005A8 A3               [24] 1262 	inc	dptr
      0005A9 F0               [24] 1263 	movx	@dptr,a
      0005AA 85*01 82         [24] 1264 	mov	dpl, _SSD1306_DisplayResult_sloc1_1_0
      0005AD 85*02 83         [24] 1265 	mov	dph, (_SSD1306_DisplayResult_sloc1_1_0 + 1)
      0005B0 85*03 F0         [24] 1266 	mov	b, (_SSD1306_DisplayResult_sloc1_1_0 + 2)
      0005B3 E5*04            [12] 1267 	mov	a, (_SSD1306_DisplayResult_sloc1_1_0 + 3)
      0005B5 C0 07            [24] 1268 	push	ar7
      0005B7 C0 06            [24] 1269 	push	ar6
      0005B9 12r00r00         [24] 1270 	lcall	__modulong
      0005BC AA 82            [24] 1271 	mov	r2, dpl
      0005BE D0 06            [24] 1272 	pop	ar6
      0005C0 D0 07            [24] 1273 	pop	ar7
      0005C2 74 30            [12] 1274 	mov	a,#0x30
      0005C4 2A               [12] 1275 	add	a, r2
      0005C5 FA               [12] 1276 	mov	r2,a
      0005C6 90r00r09         [24] 1277 	mov	dptr,#_SSD1306_WriteChar_PARM_2
      0005C9 EE               [12] 1278 	mov	a,r6
      0005CA F0               [24] 1279 	movx	@dptr,a
      0005CB 90r00r0A         [24] 1280 	mov	dptr,#_SSD1306_WriteChar_PARM_3
      0005CE EA               [12] 1281 	mov	a,r2
      0005CF F0               [24] 1282 	movx	@dptr,a
      0005D0 8F 82            [24] 1283 	mov	dpl, r7
      0005D2 C0 07            [24] 1284 	push	ar7
      0005D4 C0 06            [24] 1285 	push	ar6
      0005D6 12r02r65         [24] 1286 	lcall	_SSD1306_WriteChar
      0005D9 D0 06            [24] 1287 	pop	ar6
      0005DB D0 07            [24] 1288 	pop	ar7
      0005DD 90r00r12         [24] 1289 	mov	dptr,#_SSD1306_DisplayResult_PARM_2
      0005E0 74 08            [12] 1290 	mov	a,#0x08
      0005E2 2E               [12] 1291 	add	a, r6
      0005E3 F0               [24] 1292 	movx	@dptr,a
                                   1293 ;	main.c:165: SSD1306_PrintString(page, x, " NF");
      0005E4 E0               [24] 1294 	movx	a,@dptr
      0005E5 90r00r0D         [24] 1295 	mov	dptr,#_SSD1306_PrintString_PARM_2
      0005E8 F0               [24] 1296 	movx	@dptr,a
      0005E9 90r00r0E         [24] 1297 	mov	dptr,#_SSD1306_PrintString_PARM_3
      0005EC 74r5E            [12] 1298 	mov	a,#___str_2
      0005EE F0               [24] 1299 	movx	@dptr,a
      0005EF 74s01            [12] 1300 	mov	a,#(___str_2 >> 8)
      0005F1 A3               [24] 1301 	inc	dptr
      0005F2 F0               [24] 1302 	movx	@dptr,a
      0005F3 74 80            [12] 1303 	mov	a,#0x80
      0005F5 A3               [24] 1304 	inc	dptr
      0005F6 F0               [24] 1305 	movx	@dptr,a
      0005F7 8F 82            [24] 1306 	mov	dpl, r7
      0005F9 02r03r4F         [24] 1307 	ljmp	_SSD1306_PrintString
      0005FC                       1308 00104$:
                                   1309 ;	main.c:168: SSD1306_WriteChar(page, x, ((val / 1000) % 10) + '0'); x += 8;
      0005FC 90r00r12         [24] 1310 	mov	dptr,#_SSD1306_DisplayResult_PARM_2
      0005FF E0               [24] 1311 	movx	a,@dptr
      000600 F5*01            [12] 1312 	mov	_SSD1306_DisplayResult_sloc1_1_0,a
      000602 90r00r13         [24] 1313 	mov	dptr,#_SSD1306_DisplayResult_PARM_3
      000605 E0               [24] 1314 	movx	a,@dptr
      000606 F5*05            [12] 1315 	mov	_SSD1306_DisplayResult_sloc2_1_0,a
      000608 A3               [24] 1316 	inc	dptr
      000609 E0               [24] 1317 	movx	a,@dptr
      00060A F5*06            [12] 1318 	mov	(_SSD1306_DisplayResult_sloc2_1_0 + 1),a
      00060C A3               [24] 1319 	inc	dptr
      00060D E0               [24] 1320 	movx	a,@dptr
      00060E F5*07            [12] 1321 	mov	(_SSD1306_DisplayResult_sloc2_1_0 + 2),a
      000610 A3               [24] 1322 	inc	dptr
      000611 E0               [24] 1323 	movx	a,@dptr
      000612 F5*08            [12] 1324 	mov	(_SSD1306_DisplayResult_sloc2_1_0 + 3),a
      000614 90r00r00         [24] 1325 	mov	dptr,#__divulong_PARM_2
      000617 74 E8            [12] 1326 	mov	a,#0xe8
      000619 F0               [24] 1327 	movx	@dptr,a
      00061A 74 03            [12] 1328 	mov	a,#0x03
      00061C A3               [24] 1329 	inc	dptr
      00061D F0               [24] 1330 	movx	@dptr,a
      00061E E4               [12] 1331 	clr	a
      00061F A3               [24] 1332 	inc	dptr
      000620 F0               [24] 1333 	movx	@dptr,a
      000621 A3               [24] 1334 	inc	dptr
      000622 F0               [24] 1335 	movx	@dptr,a
      000623 85*05 82         [24] 1336 	mov	dpl, _SSD1306_DisplayResult_sloc2_1_0
      000626 85*06 83         [24] 1337 	mov	dph, (_SSD1306_DisplayResult_sloc2_1_0 + 1)
      000629 85*07 F0         [24] 1338 	mov	b, (_SSD1306_DisplayResult_sloc2_1_0 + 2)
      00062C E5*08            [12] 1339 	mov	a, (_SSD1306_DisplayResult_sloc2_1_0 + 3)
      00062E C0 07            [24] 1340 	push	ar7
      000630 12r00r00         [24] 1341 	lcall	__divulong
      000633 A8 82            [24] 1342 	mov	r0, dpl
      000635 A9 83            [24] 1343 	mov	r1, dph
      000637 AD F0            [24] 1344 	mov	r5, b
      000639 FE               [12] 1345 	mov	r6, a
      00063A 90r00r00         [24] 1346 	mov	dptr,#__modulong_PARM_2
      00063D 74 0A            [12] 1347 	mov	a,#0x0a
      00063F F0               [24] 1348 	movx	@dptr,a
      000640 E4               [12] 1349 	clr	a
      000641 A3               [24] 1350 	inc	dptr
      000642 F0               [24] 1351 	movx	@dptr,a
      000643 A3               [24] 1352 	inc	dptr
      000644 F0               [24] 1353 	movx	@dptr,a
      000645 A3               [24] 1354 	inc	dptr
      000646 F0               [24] 1355 	movx	@dptr,a
      000647 88 82            [24] 1356 	mov	dpl, r0
      000649 89 83            [24] 1357 	mov	dph, r1
      00064B 8D F0            [24] 1358 	mov	b, r5
      00064D EE               [12] 1359 	mov	a, r6
      00064E 12r00r00         [24] 1360 	lcall	__modulong
      000651 AB 82            [24] 1361 	mov	r3, dpl
      000653 D0 07            [24] 1362 	pop	ar7
      000655 74 30            [12] 1363 	mov	a,#0x30
      000657 2B               [12] 1364 	add	a, r3
      000658 FB               [12] 1365 	mov	r3,a
      000659 90r00r09         [24] 1366 	mov	dptr,#_SSD1306_WriteChar_PARM_2
      00065C E5*01            [12] 1367 	mov	a,_SSD1306_DisplayResult_sloc1_1_0
      00065E F0               [24] 1368 	movx	@dptr,a
      00065F 90r00r0A         [24] 1369 	mov	dptr,#_SSD1306_WriteChar_PARM_3
      000662 EB               [12] 1370 	mov	a,r3
      000663 F0               [24] 1371 	movx	@dptr,a
      000664 8F 82            [24] 1372 	mov	dpl, r7
      000666 C0 07            [24] 1373 	push	ar7
      000668 12r02r65         [24] 1374 	lcall	_SSD1306_WriteChar
      00066B D0 07            [24] 1375 	pop	ar7
      00066D AE*01            [24] 1376 	mov	r6,_SSD1306_DisplayResult_sloc1_1_0
      00066F 90r00r12         [24] 1377 	mov	dptr,#_SSD1306_DisplayResult_PARM_2
      000672 74 08            [12] 1378 	mov	a,#0x08
      000674 2E               [12] 1379 	add	a, r6
      000675 F0               [24] 1380 	movx	@dptr,a
                                   1381 ;	main.c:169: SSD1306_WriteChar(page, x, ((val / 100) % 10) + '0');  x += 8;
      000676 E0               [24] 1382 	movx	a,@dptr
      000677 FE               [12] 1383 	mov	r6,a
      000678 90r00r00         [24] 1384 	mov	dptr,#__divulong_PARM_2
      00067B 74 64            [12] 1385 	mov	a,#0x64
      00067D F0               [24] 1386 	movx	@dptr,a
      00067E E4               [12] 1387 	clr	a
      00067F A3               [24] 1388 	inc	dptr
      000680 F0               [24] 1389 	movx	@dptr,a
      000681 A3               [24] 1390 	inc	dptr
      000682 F0               [24] 1391 	movx	@dptr,a
      000683 A3               [24] 1392 	inc	dptr
      000684 F0               [24] 1393 	movx	@dptr,a
      000685 85*05 82         [24] 1394 	mov	dpl, _SSD1306_DisplayResult_sloc2_1_0
      000688 85*06 83         [24] 1395 	mov	dph, (_SSD1306_DisplayResult_sloc2_1_0 + 1)
      00068B 85*07 F0         [24] 1396 	mov	b, (_SSD1306_DisplayResult_sloc2_1_0 + 2)
      00068E E5*08            [12] 1397 	mov	a, (_SSD1306_DisplayResult_sloc2_1_0 + 3)
      000690 C0 07            [24] 1398 	push	ar7
      000692 C0 06            [24] 1399 	push	ar6
      000694 12r00r00         [24] 1400 	lcall	__divulong
      000697 AA 82            [24] 1401 	mov	r2, dpl
      000699 AB 83            [24] 1402 	mov	r3, dph
      00069B AC F0            [24] 1403 	mov	r4, b
      00069D FD               [12] 1404 	mov	r5, a
      00069E 90r00r00         [24] 1405 	mov	dptr,#__modulong_PARM_2
      0006A1 74 0A            [12] 1406 	mov	a,#0x0a
      0006A3 F0               [24] 1407 	movx	@dptr,a
      0006A4 E4               [12] 1408 	clr	a
      0006A5 A3               [24] 1409 	inc	dptr
      0006A6 F0               [24] 1410 	movx	@dptr,a
      0006A7 A3               [24] 1411 	inc	dptr
      0006A8 F0               [24] 1412 	movx	@dptr,a
      0006A9 A3               [24] 1413 	inc	dptr
      0006AA F0               [24] 1414 	movx	@dptr,a
      0006AB 8A 82            [24] 1415 	mov	dpl, r2
      0006AD 8B 83            [24] 1416 	mov	dph, r3
      0006AF 8C F0            [24] 1417 	mov	b, r4
      0006B1 ED               [12] 1418 	mov	a, r5
      0006B2 12r00r00         [24] 1419 	lcall	__modulong
      0006B5 AA 82            [24] 1420 	mov	r2, dpl
      0006B7 D0 06            [24] 1421 	pop	ar6
      0006B9 D0 07            [24] 1422 	pop	ar7
      0006BB 74 30            [12] 1423 	mov	a,#0x30
      0006BD 2A               [12] 1424 	add	a, r2
      0006BE FA               [12] 1425 	mov	r2,a
      0006BF 90r00r09         [24] 1426 	mov	dptr,#_SSD1306_WriteChar_PARM_2
      0006C2 EE               [12] 1427 	mov	a,r6
      0006C3 F0               [24] 1428 	movx	@dptr,a
      0006C4 90r00r0A         [24] 1429 	mov	dptr,#_SSD1306_WriteChar_PARM_3
      0006C7 EA               [12] 1430 	mov	a,r2
      0006C8 F0               [24] 1431 	movx	@dptr,a
      0006C9 8F 82            [24] 1432 	mov	dpl, r7
      0006CB C0 07            [24] 1433 	push	ar7
      0006CD C0 06            [24] 1434 	push	ar6
      0006CF 12r02r65         [24] 1435 	lcall	_SSD1306_WriteChar
      0006D2 D0 06            [24] 1436 	pop	ar6
      0006D4 D0 07            [24] 1437 	pop	ar7
      0006D6 90r00r12         [24] 1438 	mov	dptr,#_SSD1306_DisplayResult_PARM_2
      0006D9 74 08            [12] 1439 	mov	a,#0x08
      0006DB 2E               [12] 1440 	add	a, r6
      0006DC F0               [24] 1441 	movx	@dptr,a
                                   1442 ;	main.c:170: SSD1306_WriteChar(page, x, ((val / 10) % 10) + '0');   x += 8;
      0006DD E0               [24] 1443 	movx	a,@dptr
      0006DE FE               [12] 1444 	mov	r6,a
      0006DF 90r00r00         [24] 1445 	mov	dptr,#__divulong_PARM_2
      0006E2 74 0A            [12] 1446 	mov	a,#0x0a
      0006E4 F0               [24] 1447 	movx	@dptr,a
      0006E5 E4               [12] 1448 	clr	a
      0006E6 A3               [24] 1449 	inc	dptr
      0006E7 F0               [24] 1450 	movx	@dptr,a
      0006E8 A3               [24] 1451 	inc	dptr
      0006E9 F0               [24] 1452 	movx	@dptr,a
      0006EA A3               [24] 1453 	inc	dptr
      0006EB F0               [24] 1454 	movx	@dptr,a
      0006EC 85*05 82         [24] 1455 	mov	dpl, _SSD1306_DisplayResult_sloc2_1_0
      0006EF 85*06 83         [24] 1456 	mov	dph, (_SSD1306_DisplayResult_sloc2_1_0 + 1)
      0006F2 85*07 F0         [24] 1457 	mov	b, (_SSD1306_DisplayResult_sloc2_1_0 + 2)
      0006F5 E5*08            [12] 1458 	mov	a, (_SSD1306_DisplayResult_sloc2_1_0 + 3)
      0006F7 C0 07            [24] 1459 	push	ar7
      0006F9 C0 06            [24] 1460 	push	ar6
      0006FB 12r00r00         [24] 1461 	lcall	__divulong
      0006FE AA 82            [24] 1462 	mov	r2, dpl
      000700 AB 83            [24] 1463 	mov	r3, dph
      000702 AC F0            [24] 1464 	mov	r4, b
      000704 FD               [12] 1465 	mov	r5, a
      000705 90r00r00         [24] 1466 	mov	dptr,#__modulong_PARM_2
      000708 74 0A            [12] 1467 	mov	a,#0x0a
      00070A F0               [24] 1468 	movx	@dptr,a
      00070B E4               [12] 1469 	clr	a
      00070C A3               [24] 1470 	inc	dptr
      00070D F0               [24] 1471 	movx	@dptr,a
      00070E A3               [24] 1472 	inc	dptr
      00070F F0               [24] 1473 	movx	@dptr,a
      000710 A3               [24] 1474 	inc	dptr
      000711 F0               [24] 1475 	movx	@dptr,a
      000712 8A 82            [24] 1476 	mov	dpl, r2
      000714 8B 83            [24] 1477 	mov	dph, r3
      000716 8C F0            [24] 1478 	mov	b, r4
      000718 ED               [12] 1479 	mov	a, r5
      000719 12r00r00         [24] 1480 	lcall	__modulong
      00071C AA 82            [24] 1481 	mov	r2, dpl
      00071E D0 06            [24] 1482 	pop	ar6
      000720 D0 07            [24] 1483 	pop	ar7
      000722 74 30            [12] 1484 	mov	a,#0x30
      000724 2A               [12] 1485 	add	a, r2
      000725 FA               [12] 1486 	mov	r2,a
      000726 90r00r09         [24] 1487 	mov	dptr,#_SSD1306_WriteChar_PARM_2
      000729 EE               [12] 1488 	mov	a,r6
      00072A F0               [24] 1489 	movx	@dptr,a
      00072B 90r00r0A         [24] 1490 	mov	dptr,#_SSD1306_WriteChar_PARM_3
      00072E EA               [12] 1491 	mov	a,r2
      00072F F0               [24] 1492 	movx	@dptr,a
      000730 8F 82            [24] 1493 	mov	dpl, r7
      000732 C0 07            [24] 1494 	push	ar7
      000734 C0 06            [24] 1495 	push	ar6
      000736 12r02r65         [24] 1496 	lcall	_SSD1306_WriteChar
      000739 D0 06            [24] 1497 	pop	ar6
      00073B D0 07            [24] 1498 	pop	ar7
      00073D 90r00r12         [24] 1499 	mov	dptr,#_SSD1306_DisplayResult_PARM_2
      000740 74 08            [12] 1500 	mov	a,#0x08
      000742 2E               [12] 1501 	add	a, r6
      000743 F0               [24] 1502 	movx	@dptr,a
                                   1503 ;	main.c:171: SSD1306_WriteChar(page, x, '.');                       x += 8;
      000744 E0               [24] 1504 	movx	a,@dptr
      000745 FE               [12] 1505 	mov	r6,a
      000746 90r00r09         [24] 1506 	mov	dptr,#_SSD1306_WriteChar_PARM_2
      000749 F0               [24] 1507 	movx	@dptr,a
      00074A 90r00r0A         [24] 1508 	mov	dptr,#_SSD1306_WriteChar_PARM_3
      00074D 74 2E            [12] 1509 	mov	a,#0x2e
      00074F F0               [24] 1510 	movx	@dptr,a
      000750 8F 82            [24] 1511 	mov	dpl, r7
      000752 C0 07            [24] 1512 	push	ar7
      000754 C0 06            [24] 1513 	push	ar6
      000756 12r02r65         [24] 1514 	lcall	_SSD1306_WriteChar
      000759 D0 06            [24] 1515 	pop	ar6
      00075B D0 07            [24] 1516 	pop	ar7
      00075D 90r00r12         [24] 1517 	mov	dptr,#_SSD1306_DisplayResult_PARM_2
      000760 74 08            [12] 1518 	mov	a,#0x08
      000762 2E               [12] 1519 	add	a, r6
      000763 F0               [24] 1520 	movx	@dptr,a
                                   1521 ;	main.c:172: SSD1306_WriteChar(page, x, (val % 10) + '0');          x += 8;
      000764 E0               [24] 1522 	movx	a,@dptr
      000765 FE               [12] 1523 	mov	r6,a
      000766 90r00r00         [24] 1524 	mov	dptr,#__modulong_PARM_2
      000769 74 0A            [12] 1525 	mov	a,#0x0a
      00076B F0               [24] 1526 	movx	@dptr,a
      00076C E4               [12] 1527 	clr	a
      00076D A3               [24] 1528 	inc	dptr
      00076E F0               [24] 1529 	movx	@dptr,a
      00076F A3               [24] 1530 	inc	dptr
      000770 F0               [24] 1531 	movx	@dptr,a
      000771 A3               [24] 1532 	inc	dptr
      000772 F0               [24] 1533 	movx	@dptr,a
      000773 85*05 82         [24] 1534 	mov	dpl, _SSD1306_DisplayResult_sloc2_1_0
      000776 85*06 83         [24] 1535 	mov	dph, (_SSD1306_DisplayResult_sloc2_1_0 + 1)
      000779 85*07 F0         [24] 1536 	mov	b, (_SSD1306_DisplayResult_sloc2_1_0 + 2)
      00077C E5*08            [12] 1537 	mov	a, (_SSD1306_DisplayResult_sloc2_1_0 + 3)
      00077E C0 07            [24] 1538 	push	ar7
      000780 C0 06            [24] 1539 	push	ar6
      000782 12r00r00         [24] 1540 	lcall	__modulong
      000785 AA 82            [24] 1541 	mov	r2, dpl
      000787 D0 06            [24] 1542 	pop	ar6
      000789 D0 07            [24] 1543 	pop	ar7
      00078B 74 30            [12] 1544 	mov	a,#0x30
      00078D 2A               [12] 1545 	add	a, r2
      00078E FA               [12] 1546 	mov	r2,a
      00078F 90r00r09         [24] 1547 	mov	dptr,#_SSD1306_WriteChar_PARM_2
      000792 EE               [12] 1548 	mov	a,r6
      000793 F0               [24] 1549 	movx	@dptr,a
      000794 90r00r0A         [24] 1550 	mov	dptr,#_SSD1306_WriteChar_PARM_3
      000797 EA               [12] 1551 	mov	a,r2
      000798 F0               [24] 1552 	movx	@dptr,a
      000799 8F 82            [24] 1553 	mov	dpl, r7
      00079B C0 07            [24] 1554 	push	ar7
      00079D C0 06            [24] 1555 	push	ar6
      00079F 12r02r65         [24] 1556 	lcall	_SSD1306_WriteChar
      0007A2 D0 06            [24] 1557 	pop	ar6
      0007A4 D0 07            [24] 1558 	pop	ar7
      0007A6 90r00r12         [24] 1559 	mov	dptr,#_SSD1306_DisplayResult_PARM_2
      0007A9 74 08            [12] 1560 	mov	a,#0x08
      0007AB 2E               [12] 1561 	add	a, r6
      0007AC F0               [24] 1562 	movx	@dptr,a
                                   1563 ;	main.c:173: SSD1306_PrintString(page, x, " UF");
      0007AD E0               [24] 1564 	movx	a,@dptr
      0007AE 90r00r0D         [24] 1565 	mov	dptr,#_SSD1306_PrintString_PARM_2
      0007B1 F0               [24] 1566 	movx	@dptr,a
      0007B2 90r00r0E         [24] 1567 	mov	dptr,#_SSD1306_PrintString_PARM_3
      0007B5 74r62            [12] 1568 	mov	a,#___str_3
      0007B7 F0               [24] 1569 	movx	@dptr,a
      0007B8 74s01            [12] 1570 	mov	a,#(___str_3 >> 8)
      0007BA A3               [24] 1571 	inc	dptr
      0007BB F0               [24] 1572 	movx	@dptr,a
      0007BC 74 80            [12] 1573 	mov	a,#0x80
      0007BE A3               [24] 1574 	inc	dptr
      0007BF F0               [24] 1575 	movx	@dptr,a
      0007C0 8F 82            [24] 1576 	mov	dpl, r7
                                   1577 ;	main.c:175: }
      0007C2 02r03r4F         [24] 1578 	ljmp	_SSD1306_PrintString
                                   1579 ;------------------------------------------------------------
                                   1580 ;Allocation info for local variables in function 'Measure_Single'
                                   1581 ;------------------------------------------------------------
                                   1582 ;use_1k                    Allocated with name '_Measure_Single_use_1k_10000_50'
                                   1583 ;cycles                    Allocated with name '_Measure_Single_cycles_10000_51'
                                   1584 ;max_limit                 Allocated with name '_Measure_Single_max_limit_10000_51'
                                   1585 ;discharge                 Allocated with name '_Measure_Single_discharge_10000_51'
                                   1586 ;------------------------------------------------------------
                                   1587 ;	main.c:177: uint32_t Measure_Single(uint8_t use_1k) {
                                   1588 ;	-----------------------------------------
                                   1589 ;	 function Measure_Single
                                   1590 ;	-----------------------------------------
      0007C5                       1591 _Measure_Single:
      0007C5 E5 82            [12] 1592 	mov	a,dpl
      0007C7 90r00r19         [24] 1593 	mov	dptr,#_Measure_Single_use_1k_10000_50
      0007CA F0               [24] 1594 	movx	@dptr,a
                                   1595 ;	main.c:179: uint32_t max_limit = use_1k ? 80000000 : 3000000;
      0007CB E0               [24] 1596 	movx	a,@dptr
      0007CC FF               [12] 1597 	mov	r7,a
      0007CD E0               [24] 1598 	movx	a,@dptr
      0007CE 60 0A            [24] 1599 	jz	00117$
      0007D0 7B 00            [12] 1600 	mov	r3,#0x00
      0007D2 7C B4            [12] 1601 	mov	r4,#0xb4
      0007D4 7D C4            [12] 1602 	mov	r5,#0xc4
      0007D6 7E 04            [12] 1603 	mov	r6,#0x04
      0007D8 80 08            [24] 1604 	sjmp	00118$
      0007DA                       1605 00117$:
      0007DA 7B C0            [12] 1606 	mov	r3,#0xc0
      0007DC 7C C6            [12] 1607 	mov	r4,#0xc6
      0007DE 7D 2D            [12] 1608 	mov	r5,#0x2d
      0007E0 7E 00            [12] 1609 	mov	r6,#0x00
      0007E2                       1610 00118$:
                                   1611 ;	main.c:182: P3M1 &= ~0x02; P3M0 |= 0x02; PIN_R1_10K = 0;
      0007E2 53 B1 FD         [24] 1612 	anl	_P3M1,#0xfd
      0007E5 43 B2 02         [24] 1613 	orl	_P3M0,#0x02
                                   1614 ;	assignBit
      0007E8 C2 B1            [12] 1615 	clr	_PIN_R1_10K
                                   1616 ;	main.c:183: P5M1 &= ~MASK_R3_1K; P5M0 |= MASK_R3_1K; PIN_R3_1K = 0;
      0007EA 53 C9 EF         [24] 1617 	anl	_P5M1,#0xef
      0007ED 43 CA 10         [24] 1618 	orl	_P5M0,#0x10
                                   1619 ;	assignBit
      0007F0 C2 C4            [12] 1620 	clr	_PIN_R3_1K
                                   1621 ;	main.c:185: for(discharge = 0; discharge < 30000; discharge++) { __asm__("nop"); }
      0007F2 90r00r1A         [24] 1622 	mov	dptr,#_Measure_Single_discharge_10000_51
      0007F5 E4               [12] 1623 	clr	a
      0007F6 F0               [24] 1624 	movx	@dptr,a
      0007F7 A3               [24] 1625 	inc	dptr
      0007F8 F0               [24] 1626 	movx	@dptr,a
      0007F9                       1627 00113$:
      0007F9 90r00r1A         [24] 1628 	mov	dptr,#_Measure_Single_discharge_10000_51
      0007FC E0               [24] 1629 	movx	a,@dptr
      0007FD F9               [12] 1630 	mov	r1,a
      0007FE A3               [24] 1631 	inc	dptr
      0007FF E0               [24] 1632 	movx	a,@dptr
      000800 FA               [12] 1633 	mov	r2,a
      000801 C3               [12] 1634 	clr	c
      000802 E9               [12] 1635 	mov	a,r1
      000803 94 30            [12] 1636 	subb	a,#0x30
      000805 EA               [12] 1637 	mov	a,r2
      000806 94 75            [12] 1638 	subb	a,#0x75
      000808 50 16            [24] 1639 	jnc	00101$
      00080A 00               [12] 1640 	nop
      00080B 90r00r1A         [24] 1641 	mov	dptr,#_Measure_Single_discharge_10000_51
      00080E E0               [24] 1642 	movx	a,@dptr
      00080F F9               [12] 1643 	mov	r1,a
      000810 A3               [24] 1644 	inc	dptr
      000811 E0               [24] 1645 	movx	a,@dptr
      000812 FA               [12] 1646 	mov	r2,a
      000813 90r00r1A         [24] 1647 	mov	dptr,#_Measure_Single_discharge_10000_51
      000816 74 01            [12] 1648 	mov	a,#0x01
      000818 29               [12] 1649 	add	a, r1
      000819 F0               [24] 1650 	movx	@dptr,a
      00081A E4               [12] 1651 	clr	a
      00081B 3A               [12] 1652 	addc	a, r2
      00081C A3               [24] 1653 	inc	dptr
      00081D F0               [24] 1654 	movx	@dptr,a
      00081E 80 D9            [24] 1655 	sjmp	00113$
      000820                       1656 00101$:
                                   1657 ;	main.c:187: TH0 = 0x00; TL0 = 0x00; TF0 = 0;
      000820 75 8C 00         [24] 1658 	mov	_TH0,#0x00
      000823 75 8A 00         [24] 1659 	mov	_TL0,#0x00
                                   1660 ;	assignBit
      000826 C2 8D            [12] 1661 	clr	_TF0
                                   1662 ;	main.c:189: if (use_1k) {
      000828 EF               [12] 1663 	mov	a,r7
      000829 60 10            [24] 1664 	jz	00103$
                                   1665 ;	main.c:190: P3M1 |= 0x02; P3M0 &= ~0x02;
      00082B 43 B1 02         [24] 1666 	orl	_P3M1,#0x02
      00082E 53 B2 FD         [24] 1667 	anl	_P3M0,#0xfd
                                   1668 ;	main.c:191: P5M1 &= ~MASK_R3_1K; P5M0 |= MASK_R3_1K; PIN_R3_1K = 1;
      000831 53 C9 EF         [24] 1669 	anl	_P5M1,#0xef
      000834 43 CA 10         [24] 1670 	orl	_P5M0,#0x10
                                   1671 ;	assignBit
      000837 D2 C4            [12] 1672 	setb	_PIN_R3_1K
      000839 80 0E            [24] 1673 	sjmp	00104$
      00083B                       1674 00103$:
                                   1675 ;	main.c:193: P5M1 |= MASK_R3_1K; P5M0 &= ~MASK_R3_1K;
      00083B 43 C9 10         [24] 1676 	orl	_P5M1,#0x10
      00083E 53 CA EF         [24] 1677 	anl	_P5M0,#0xef
                                   1678 ;	main.c:194: P3M1 &= ~0x02; P3M0 |= 0x02; PIN_R1_10K = 1;
      000841 53 B1 FD         [24] 1679 	anl	_P3M1,#0xfd
      000844 43 B2 02         [24] 1680 	orl	_P3M0,#0x02
                                   1681 ;	assignBit
      000847 D2 B1            [12] 1682 	setb	_PIN_R1_10K
      000849                       1683 00104$:
                                   1684 ;	main.c:197: TR0 = 1;
                                   1685 ;	assignBit
      000849 D2 8C            [12] 1686 	setb	_TR0
                                   1687 ;	main.c:198: while (!(P5 & MASK_DET_55)) {
      00084B 8B 07            [24] 1688 	mov	ar7,r3
      00084D 78 00            [12] 1689 	mov	r0,#0x00
      00084F 79 00            [12] 1690 	mov	r1,#0x00
      000851 7A 00            [12] 1691 	mov	r2,#0x00
      000853 7B 00            [12] 1692 	mov	r3,#0x00
      000855                       1693 00109$:
      000855 E5 C8            [12] 1694 	mov	a,_P5
      000857 20 E5 17         [24] 1695 	jb	acc.5,00111$
                                   1696 ;	main.c:199: if (TF0) {
                                   1697 ;	main.c:200: TF0 = 0;
                                   1698 ;	assignBit
      00085A 10 8D 02         [24] 1699 	jbc	_TF0,00166$
      00085D 80 F6            [24] 1700 	sjmp	00109$
      00085F                       1701 00166$:
                                   1702 ;	main.c:201: cycles += 65536;
      00085F 74 01            [12] 1703 	mov	a,#0x01
      000861 2A               [12] 1704 	add	a, r2
      000862 FA               [12] 1705 	mov	r2,a
      000863 E4               [12] 1706 	clr	a
      000864 3B               [12] 1707 	addc	a, r3
      000865 FB               [12] 1708 	mov	r3,a
                                   1709 ;	main.c:202: if (cycles > max_limit) break;
      000866 C3               [12] 1710 	clr	c
      000867 EF               [12] 1711 	mov	a,r7
      000868 98               [12] 1712 	subb	a,r0
      000869 EC               [12] 1713 	mov	a,r4
      00086A 99               [12] 1714 	subb	a,r1
      00086B ED               [12] 1715 	mov	a,r5
      00086C 9A               [12] 1716 	subb	a,r2
      00086D EE               [12] 1717 	mov	a,r6
      00086E 9B               [12] 1718 	subb	a,r3
      00086F 50 E4            [24] 1719 	jnc	00109$
      000871                       1720 00111$:
                                   1721 ;	main.c:205: TR0 = 0;
                                   1722 ;	assignBit
      000871 C2 8C            [12] 1723 	clr	_TR0
                                   1724 ;	main.c:206: cycles += ((uint16_t)TH0 << 8) | TL0;
      000873 AF 8C            [24] 1725 	mov	r7,_TH0
      000875 7E 00            [12] 1726 	mov	r6,#0x00
      000877 AC 8A            [24] 1727 	mov	r4,_TL0
      000879 7D 00            [12] 1728 	mov	r5,#0x00
      00087B EC               [12] 1729 	mov	a,r4
      00087C 42 06            [12] 1730 	orl	ar6,a
      00087E ED               [12] 1731 	mov	a,r5
      00087F 42 07            [12] 1732 	orl	ar7,a
      000881 E4               [12] 1733 	clr	a
      000882 FD               [12] 1734 	mov	r5,a
      000883 FC               [12] 1735 	mov	r4,a
      000884 EE               [12] 1736 	mov	a,r6
      000885 28               [12] 1737 	add	a, r0
      000886 F8               [12] 1738 	mov	r0,a
      000887 EF               [12] 1739 	mov	a,r7
      000888 39               [12] 1740 	addc	a, r1
      000889 F9               [12] 1741 	mov	r1,a
      00088A ED               [12] 1742 	mov	a,r5
      00088B 3A               [12] 1743 	addc	a, r2
      00088C FA               [12] 1744 	mov	r2,a
      00088D EC               [12] 1745 	mov	a,r4
      00088E 3B               [12] 1746 	addc	a, r3
      00088F FB               [12] 1747 	mov	r3,a
                                   1748 ;	main.c:208: PIN_R1_10K = 0;
                                   1749 ;	assignBit
      000890 C2 B1            [12] 1750 	clr	_PIN_R1_10K
                                   1751 ;	main.c:209: PIN_R3_1K = 0;
                                   1752 ;	assignBit
      000892 C2 C4            [12] 1753 	clr	_PIN_R3_1K
                                   1754 ;	main.c:211: return cycles;
      000894 88 82            [24] 1755 	mov	dpl, r0
      000896 89 83            [24] 1756 	mov	dph, r1
      000898 8A F0            [24] 1757 	mov	b, r2
      00089A EB               [12] 1758 	mov	a, r3
                                   1759 ;	main.c:212: }
      00089B 22               [24] 1760 	ret
                                   1761 ;------------------------------------------------------------
                                   1762 ;Allocation info for local variables in function 'main'
                                   1763 ;------------------------------------------------------------
                                   1764 ;sloc0                     Allocated with name '_main_sloc0_1_0'
                                   1765 ;sloc1                     Allocated with name '_main_sloc1_1_0'
                                   1766 ;raw_ticks                 Allocated with name '_main_raw_ticks_10000_59'
                                   1767 ;final_calc                Allocated with name '_main_final_calc_10000_59'
                                   1768 ;last_display_val          Allocated with name '_main_last_display_val_10000_59'
                                   1769 ;filtered_ticks            Allocated with name '_main_filtered_ticks_10000_59'
                                   1770 ;mode_uf                   Allocated with name '_main_mode_uf_10000_59'
                                   1771 ;is_first_run              Allocated with name '_main_is_first_run_10000_59'
                                   1772 ;is_sleeping               Allocated with name '_main_is_sleeping_10000_59'
                                   1773 ;------------------------------------------------------------
                                   1774 ;	main.c:215: void main(void) {
                                   1775 ;	-----------------------------------------
                                   1776 ;	 function main
                                   1777 ;	-----------------------------------------
      00089C                       1778 _main:
                                   1779 ;	main.c:218: uint32_t last_display_val = 0;
      00089C 90r00r20         [24] 1780 	mov	dptr,#_main_last_display_val_10000_59
      00089F E4               [12] 1781 	clr	a
      0008A0 F0               [24] 1782 	movx	@dptr,a
      0008A1 A3               [24] 1783 	inc	dptr
      0008A2 F0               [24] 1784 	movx	@dptr,a
      0008A3 A3               [24] 1785 	inc	dptr
      0008A4 F0               [24] 1786 	movx	@dptr,a
      0008A5 A3               [24] 1787 	inc	dptr
      0008A6 F0               [24] 1788 	movx	@dptr,a
                                   1789 ;	main.c:219: float filtered_ticks = 0.0f;
      0008A7 90r00r24         [24] 1790 	mov	dptr,#_main_filtered_ticks_10000_59
      0008AA F0               [24] 1791 	movx	@dptr,a
      0008AB A3               [24] 1792 	inc	dptr
      0008AC F0               [24] 1793 	movx	@dptr,a
      0008AD A3               [24] 1794 	inc	dptr
      0008AE F0               [24] 1795 	movx	@dptr,a
      0008AF A3               [24] 1796 	inc	dptr
      0008B0 F0               [24] 1797 	movx	@dptr,a
                                   1798 ;	main.c:221: uint8_t is_first_run = 1;
      0008B1 90r00r29         [24] 1799 	mov	dptr,#_main_is_first_run_10000_59
      0008B4 04               [12] 1800 	inc	a
      0008B5 F0               [24] 1801 	movx	@dptr,a
                                   1802 ;	main.c:222: uint8_t is_sleeping = 0; //программный флаг сна
      0008B6 90r00r2A         [24] 1803 	mov	dptr,#_main_is_sleeping_10000_59
      0008B9 E4               [12] 1804 	clr	a
      0008BA F0               [24] 1805 	movx	@dptr,a
                                   1806 ;	main.c:225: P5M1 |= MASK_DET_55; P5M0 &= ~MASK_DET_55;
      0008BB 43 C9 20         [24] 1807 	orl	_P5M1,#0x20
      0008BE 53 CA DF         [24] 1808 	anl	_P5M0,#0xdf
                                   1809 ;	main.c:228: P3M1 |= (1 << 0); P3M0 &= ~(1 << 0);
      0008C1 43 B1 01         [24] 1810 	orl	_P3M1,#0x01
      0008C4 53 B2 FE         [24] 1811 	anl	_P3M0,#0xfe
                                   1812 ;	main.c:230: P_SW2 = 0x80; CLKSEL = 0x00; P_SW2 = 0x00;
      0008C7 75 8E 80         [24] 1813 	mov	_P_SW2,#0x80
      0008CA 75 9D 00         [24] 1814 	mov	_CLKSEL,#0x00
      0008CD 75 8E 00         [24] 1815 	mov	_P_SW2,#0x00
                                   1816 ;	main.c:231: AUXR |= 0x80; TMOD &= 0xF0; TR0 = 0; TF0 = 0;
      0008D0 43 8E 80         [24] 1817 	orl	_AUXR,#0x80
      0008D3 53 89 F0         [24] 1818 	anl	_TMOD,#0xf0
                                   1819 ;	assignBit
      0008D6 C2 8C            [12] 1820 	clr	_TR0
                                   1821 ;	assignBit
      0008D8 C2 8D            [12] 1822 	clr	_TF0
                                   1823 ;	main.c:233: SCL_HIGH(); SDA_HIGH(); Delay_ms(100);
      0008DA 12r00r6A         [24] 1824 	lcall	_SCL_HIGH
      0008DD 12r00r7E         [24] 1825 	lcall	_SDA_HIGH
      0008E0 90 00 64         [24] 1826 	mov	dptr,#0x0064
      0008E3 12r00r00         [24] 1827 	lcall	_Delay_ms
                                   1828 ;	main.c:234: SSD1306_Init();
      0008E6 12r01r25         [24] 1829 	lcall	_SSD1306_Init
                                   1830 ;	main.c:235: SSD1306_Clear();
      0008E9 12r01rD9         [24] 1831 	lcall	_SSD1306_Clear
                                   1832 ;	main.c:237: while(1) {
      0008EC                       1833 00146$:
                                   1834 ;	main.c:239: if (PIN_BUTTON == 0) {
      0008EC 20 B0 49         [24] 1835 	jb	_PIN_BUTTON,00110$
                                   1836 ;	main.c:240: Delay_ms(50); // Надежный антидребезг нажатия
      0008EF 90 00 32         [24] 1837 	mov	dptr,#0x0032
      0008F2 12r00r00         [24] 1838 	lcall	_Delay_ms
                                   1839 ;	main.c:241: if (PIN_BUTTON == 0) {
      0008F5 20 B0 40         [24] 1840 	jb	_PIN_BUTTON,00110$
                                   1841 ;	main.c:244: while(PIN_BUTTON == 0) {
      0008F8                       1842 00101$:
      0008F8 20 B0 08         [24] 1843 	jb	_PIN_BUTTON,00103$
                                   1844 ;	main.c:245: Delay_ms(10);
      0008FB 90 00 0A         [24] 1845 	mov	dptr,#0x000a
      0008FE 12r00r00         [24] 1846 	lcall	_Delay_ms
      000901 80 F5            [24] 1847 	sjmp	00101$
      000903                       1848 00103$:
                                   1849 ;	main.c:247: Delay_ms(100); // Антидребезг на размыкание контактов
      000903 90 00 64         [24] 1850 	mov	dptr,#0x0064
      000906 12r00r00         [24] 1851 	lcall	_Delay_ms
                                   1852 ;	main.c:250: if (is_sleeping == 0) {
      000909 90r00r2A         [24] 1853 	mov	dptr,#_main_is_sleeping_10000_59
      00090C E0               [24] 1854 	movx	a,@dptr
      00090D 70 0E            [24] 1855 	jnz	00105$
                                   1856 ;	main.c:251: is_sleeping = 1;
      00090F 90r00r2A         [24] 1857 	mov	dptr,#_main_is_sleeping_10000_59
      000912 74 01            [12] 1858 	mov	a,#0x01
      000914 F0               [24] 1859 	movx	@dptr,a
                                   1860 ;	main.c:252: SSD1306_Command(0xAE); // Просто выключаем экран
      000915 75 82 AE         [24] 1861 	mov	dpl, #0xae
      000918 12r01r04         [24] 1862 	lcall	_SSD1306_Command
      00091B 80 1B            [24] 1863 	sjmp	00110$
      00091D                       1864 00105$:
                                   1865 ;	main.c:254: is_sleeping = 0;
      00091D 90r00r2A         [24] 1866 	mov	dptr,#_main_is_sleeping_10000_59
      000920 E4               [12] 1867 	clr	a
      000921 F0               [24] 1868 	movx	@dptr,a
                                   1869 ;	main.c:255: SSD1306_Command(0xAF); // Просто включаем экран
      000922 75 82 AF         [24] 1870 	mov	dpl, #0xaf
      000925 12r01r04         [24] 1871 	lcall	_SSD1306_Command
                                   1872 ;	main.c:256: last_display_val = 0;  // Сброс, чтобы сразу обновить экран актуальным замером
      000928 90r00r20         [24] 1873 	mov	dptr,#_main_last_display_val_10000_59
      00092B E4               [12] 1874 	clr	a
      00092C F0               [24] 1875 	movx	@dptr,a
      00092D A3               [24] 1876 	inc	dptr
      00092E F0               [24] 1877 	movx	@dptr,a
      00092F A3               [24] 1878 	inc	dptr
      000930 F0               [24] 1879 	movx	@dptr,a
      000931 A3               [24] 1880 	inc	dptr
      000932 F0               [24] 1881 	movx	@dptr,a
                                   1882 ;	main.c:257: is_first_run = 1;
      000933 90r00r29         [24] 1883 	mov	dptr,#_main_is_first_run_10000_59
      000936 04               [12] 1884 	inc	a
      000937 F0               [24] 1885 	movx	@dptr,a
      000938                       1886 00110$:
                                   1887 ;	main.c:263: if (is_sleeping == 1) {
      000938 90r00r2A         [24] 1888 	mov	dptr,#_main_is_sleeping_10000_59
      00093B E0               [24] 1889 	movx	a,@dptr
      00093C FF               [12] 1890 	mov	r7,a
      00093D BF 01 08         [24] 1891 	cjne	r7,#0x01,00112$
                                   1892 ;	main.c:264: Delay_ms(100);
      000940 90 00 64         [24] 1893 	mov	dptr,#0x0064
      000943 12r00r00         [24] 1894 	lcall	_Delay_ms
                                   1895 ;	main.c:265: continue; // Прыгаем обратно в начало while(1) только опрашивать кнопку
      000946 80 A4            [24] 1896 	sjmp	00146$
      000948                       1897 00112$:
                                   1898 ;	main.c:270: raw_ticks = Measure_Single(0);
      000948 75 82 00         [24] 1899 	mov	dpl, #0x00
      00094B 12r07rC5         [24] 1900 	lcall	_Measure_Single
      00094E AC 82            [24] 1901 	mov	r4, dpl
      000950 AD 83            [24] 1902 	mov	r5, dph
      000952 AE F0            [24] 1903 	mov	r6, b
      000954 FF               [12] 1904 	mov	r7, a
                                   1905 ;	main.c:272: if (raw_ticks > 55000) {
      000955 C3               [12] 1906 	clr	c
      000956 74 D8            [12] 1907 	mov	a,#0xd8
      000958 9C               [12] 1908 	subb	a,r4
      000959 74 D6            [12] 1909 	mov	a,#0xd6
      00095B 9D               [12] 1910 	subb	a,r5
      00095C E4               [12] 1911 	clr	a
      00095D 9E               [12] 1912 	subb	a,r6
      00095E E4               [12] 1913 	clr	a
      00095F 9F               [12] 1914 	subb	a,r7
      000960 40 03            [24] 1915 	jc	00270$
      000962 02r0Cr93         [24] 1916 	ljmp	00141$
      000965                       1917 00270$:
                                   1918 ;	main.c:273: mode_uf = 1;
      000965 90r00r28         [24] 1919 	mov	dptr,#_main_mode_uf_10000_59
      000968 74 01            [12] 1920 	mov	a,#0x01
      00096A F0               [24] 1921 	movx	@dptr,a
                                   1922 ;	main.c:274: raw_ticks = Measure_Single(1);
      00096B 75 82 01         [24] 1923 	mov	dpl, #0x01
      00096E 12r07rC5         [24] 1924 	lcall	_Measure_Single
      000971 85 82*0D         [24] 1925 	mov	_main_sloc1_1_0,dpl
      000974 85 83*0E         [24] 1926 	mov	(_main_sloc1_1_0 + 1),dph
      000977 85 F0*0F         [24] 1927 	mov	(_main_sloc1_1_0 + 2),b
      00097A F5*10            [12] 1928 	mov	(_main_sloc1_1_0 + 3),a
                                   1929 ;	main.c:276: if (is_first_run || filtered_ticks < 1000.0f) {
      00097C 90r00r29         [24] 1930 	mov	dptr,#_main_is_first_run_10000_59
      00097F E0               [24] 1931 	movx	a,@dptr
      000980 70 38            [24] 1932 	jnz	00113$
      000982 90r00r24         [24] 1933 	mov	dptr,#_main_filtered_ticks_10000_59
      000985 E0               [24] 1934 	movx	a,@dptr
      000986 F5*09            [12] 1935 	mov	_main_sloc0_1_0,a
      000988 A3               [24] 1936 	inc	dptr
      000989 E0               [24] 1937 	movx	a,@dptr
      00098A F5*0A            [12] 1938 	mov	(_main_sloc0_1_0 + 1),a
      00098C A3               [24] 1939 	inc	dptr
      00098D E0               [24] 1940 	movx	a,@dptr
      00098E F5*0B            [12] 1941 	mov	(_main_sloc0_1_0 + 2),a
      000990 A3               [24] 1942 	inc	dptr
      000991 E0               [24] 1943 	movx	a,@dptr
      000992 F5*0C            [12] 1944 	mov	(_main_sloc0_1_0 + 3),a
      000994 E4               [12] 1945 	clr	a
      000995 C0 E0            [24] 1946 	push	acc
      000997 C0 E0            [24] 1947 	push	acc
      000999 74 7A            [12] 1948 	mov	a,#0x7a
      00099B C0 E0            [24] 1949 	push	acc
      00099D 74 44            [12] 1950 	mov	a,#0x44
      00099F C0 E0            [24] 1951 	push	acc
      0009A1 85*09 82         [24] 1952 	mov	dpl, _main_sloc0_1_0
      0009A4 85*0A 83         [24] 1953 	mov	dph, (_main_sloc0_1_0 + 1)
      0009A7 85*0B F0         [24] 1954 	mov	b, (_main_sloc0_1_0 + 2)
      0009AA E5*0C            [12] 1955 	mov	a, (_main_sloc0_1_0 + 3)
      0009AC 12r00r00         [24] 1956 	lcall	___fslt
      0009AF AB 82            [24] 1957 	mov	r3, dpl
      0009B1 E5 81            [12] 1958 	mov	a,sp
      0009B3 24 FC            [12] 1959 	add	a,#0xfc
      0009B5 F5 81            [12] 1960 	mov	sp,a
      0009B7 EB               [12] 1961 	mov	a,r3
      0009B8 60 2B            [24] 1962 	jz	00114$
      0009BA                       1963 00113$:
                                   1964 ;	main.c:277: filtered_ticks = (float)raw_ticks;
      0009BA 85*0D 82         [24] 1965 	mov	dpl, _main_sloc1_1_0
      0009BD 85*0E 83         [24] 1966 	mov	dph, (_main_sloc1_1_0 + 1)
      0009C0 85*0F F0         [24] 1967 	mov	b, (_main_sloc1_1_0 + 2)
      0009C3 E5*10            [12] 1968 	mov	a, (_main_sloc1_1_0 + 3)
      0009C5 12r00r00         [24] 1969 	lcall	___ulong2fs
      0009C8 A8 82            [24] 1970 	mov	r0, dpl
      0009CA A9 83            [24] 1971 	mov	r1, dph
      0009CC AA F0            [24] 1972 	mov	r2, b
      0009CE FB               [12] 1973 	mov	r3, a
      0009CF 90r00r24         [24] 1974 	mov	dptr,#_main_filtered_ticks_10000_59
      0009D2 E8               [12] 1975 	mov	a,r0
      0009D3 F0               [24] 1976 	movx	@dptr,a
      0009D4 E9               [12] 1977 	mov	a,r1
      0009D5 A3               [24] 1978 	inc	dptr
      0009D6 F0               [24] 1979 	movx	@dptr,a
      0009D7 EA               [12] 1980 	mov	a,r2
      0009D8 A3               [24] 1981 	inc	dptr
      0009D9 F0               [24] 1982 	movx	@dptr,a
      0009DA EB               [12] 1983 	mov	a,r3
      0009DB A3               [24] 1984 	inc	dptr
      0009DC F0               [24] 1985 	movx	@dptr,a
                                   1986 ;	main.c:278: is_first_run = 0;
      0009DD 90r00r29         [24] 1987 	mov	dptr,#_main_is_first_run_10000_59
      0009E0 E4               [12] 1988 	clr	a
      0009E1 F0               [24] 1989 	movx	@dptr,a
      0009E2 02r0Ar6A         [24] 1990 	ljmp	00115$
      0009E5                       1991 00114$:
                                   1992 ;	main.c:280: filtered_ticks = filtered_ticks + 0.25f * ((float)raw_ticks - filtered_ticks);
      0009E5 85*0D 82         [24] 1993 	mov	dpl, _main_sloc1_1_0
      0009E8 85*0E 83         [24] 1994 	mov	dph, (_main_sloc1_1_0 + 1)
      0009EB 85*0F F0         [24] 1995 	mov	b, (_main_sloc1_1_0 + 2)
      0009EE E5*10            [12] 1996 	mov	a, (_main_sloc1_1_0 + 3)
      0009F0 12r00r00         [24] 1997 	lcall	___ulong2fs
      0009F3 A8 82            [24] 1998 	mov	r0, dpl
      0009F5 A9 83            [24] 1999 	mov	r1, dph
      0009F7 AA F0            [24] 2000 	mov	r2, b
      0009F9 FB               [12] 2001 	mov	r3, a
      0009FA C0*09            [24] 2002 	push	_main_sloc0_1_0
      0009FC C0*0A            [24] 2003 	push	(_main_sloc0_1_0 + 1)
      0009FE C0*0B            [24] 2004 	push	(_main_sloc0_1_0 + 2)
      000A00 C0*0C            [24] 2005 	push	(_main_sloc0_1_0 + 3)
      000A02 88 82            [24] 2006 	mov	dpl, r0
      000A04 89 83            [24] 2007 	mov	dph, r1
      000A06 8A F0            [24] 2008 	mov	b, r2
      000A08 EB               [12] 2009 	mov	a, r3
      000A09 12r00r00         [24] 2010 	lcall	___fssub
      000A0C A8 82            [24] 2011 	mov	r0, dpl
      000A0E A9 83            [24] 2012 	mov	r1, dph
      000A10 AA F0            [24] 2013 	mov	r2, b
      000A12 FB               [12] 2014 	mov	r3, a
      000A13 E5 81            [12] 2015 	mov	a,sp
      000A15 24 FC            [12] 2016 	add	a,#0xfc
      000A17 F5 81            [12] 2017 	mov	sp,a
      000A19 C0 00            [24] 2018 	push	ar0
      000A1B C0 01            [24] 2019 	push	ar1
      000A1D C0 02            [24] 2020 	push	ar2
      000A1F C0 03            [24] 2021 	push	ar3
      000A21 90 00 00         [24] 2022 	mov	dptr,#0x0000
      000A24 75 F0 80         [24] 2023 	mov	b, #0x80
      000A27 74 3E            [12] 2024 	mov	a, #0x3e
      000A29 12r00r00         [24] 2025 	lcall	___fsmul
      000A2C A8 82            [24] 2026 	mov	r0, dpl
      000A2E A9 83            [24] 2027 	mov	r1, dph
      000A30 AA F0            [24] 2028 	mov	r2, b
      000A32 FB               [12] 2029 	mov	r3, a
      000A33 E5 81            [12] 2030 	mov	a,sp
      000A35 24 FC            [12] 2031 	add	a,#0xfc
      000A37 F5 81            [12] 2032 	mov	sp,a
      000A39 C0 00            [24] 2033 	push	ar0
      000A3B C0 01            [24] 2034 	push	ar1
      000A3D C0 02            [24] 2035 	push	ar2
      000A3F C0 03            [24] 2036 	push	ar3
      000A41 85*09 82         [24] 2037 	mov	dpl, _main_sloc0_1_0
      000A44 85*0A 83         [24] 2038 	mov	dph, (_main_sloc0_1_0 + 1)
      000A47 85*0B F0         [24] 2039 	mov	b, (_main_sloc0_1_0 + 2)
      000A4A E5*0C            [12] 2040 	mov	a, (_main_sloc0_1_0 + 3)
      000A4C 12r00r00         [24] 2041 	lcall	___fsadd
      000A4F A8 82            [24] 2042 	mov	r0, dpl
      000A51 A9 83            [24] 2043 	mov	r1, dph
      000A53 AA F0            [24] 2044 	mov	r2, b
      000A55 FB               [12] 2045 	mov	r3, a
      000A56 E5 81            [12] 2046 	mov	a,sp
      000A58 24 FC            [12] 2047 	add	a,#0xfc
      000A5A F5 81            [12] 2048 	mov	sp,a
      000A5C 90r00r24         [24] 2049 	mov	dptr,#_main_filtered_ticks_10000_59
      000A5F E8               [12] 2050 	mov	a,r0
      000A60 F0               [24] 2051 	movx	@dptr,a
      000A61 E9               [12] 2052 	mov	a,r1
      000A62 A3               [24] 2053 	inc	dptr
      000A63 F0               [24] 2054 	movx	@dptr,a
      000A64 EA               [12] 2055 	mov	a,r2
      000A65 A3               [24] 2056 	inc	dptr
      000A66 F0               [24] 2057 	movx	@dptr,a
      000A67 EB               [12] 2058 	mov	a,r3
      000A68 A3               [24] 2059 	inc	dptr
      000A69 F0               [24] 2060 	movx	@dptr,a
      000A6A                       2061 00115$:
                                   2062 ;	main.c:284: if (filtered_ticks < 650000.0f) {
      000A6A 90r00r24         [24] 2063 	mov	dptr,#_main_filtered_ticks_10000_59
      000A6D E0               [24] 2064 	movx	a,@dptr
      000A6E F5*0D            [12] 2065 	mov	_main_sloc1_1_0,a
      000A70 A3               [24] 2066 	inc	dptr
      000A71 E0               [24] 2067 	movx	a,@dptr
      000A72 F5*0E            [12] 2068 	mov	(_main_sloc1_1_0 + 1),a
      000A74 A3               [24] 2069 	inc	dptr
      000A75 E0               [24] 2070 	movx	a,@dptr
      000A76 F5*0F            [12] 2071 	mov	(_main_sloc1_1_0 + 2),a
      000A78 A3               [24] 2072 	inc	dptr
      000A79 E0               [24] 2073 	movx	a,@dptr
      000A7A F5*10            [12] 2074 	mov	(_main_sloc1_1_0 + 3),a
      000A7C E4               [12] 2075 	clr	a
      000A7D C0 E0            [24] 2076 	push	acc
      000A7F 74 B1            [12] 2077 	mov	a,#0xb1
      000A81 C0 E0            [24] 2078 	push	acc
      000A83 74 1E            [12] 2079 	mov	a,#0x1e
      000A85 C0 E0            [24] 2080 	push	acc
      000A87 74 49            [12] 2081 	mov	a,#0x49
      000A89 C0 E0            [24] 2082 	push	acc
      000A8B 85*0D 82         [24] 2083 	mov	dpl, _main_sloc1_1_0
      000A8E 85*0E 83         [24] 2084 	mov	dph, (_main_sloc1_1_0 + 1)
      000A91 85*0F F0         [24] 2085 	mov	b, (_main_sloc1_1_0 + 2)
      000A94 E5*10            [12] 2086 	mov	a, (_main_sloc1_1_0 + 3)
      000A96 12r00r00         [24] 2087 	lcall	___fslt
      000A99 AB 82            [24] 2088 	mov	r3, dpl
      000A9B E5 81            [12] 2089 	mov	a,sp
      000A9D 24 FC            [12] 2090 	add	a,#0xfc
      000A9F F5 81            [12] 2091 	mov	sp,a
      000AA1 EB               [12] 2092 	mov	a,r3
      000AA2 60 42            [24] 2093 	jz	00122$
                                   2094 ;	main.c:285: final_calc = (uint32_t)(filtered_ticks * 0.0000059f); // Скорректировано под 10 мкФ
      000AA4 C0*0D            [24] 2095 	push	_main_sloc1_1_0
      000AA6 C0*0E            [24] 2096 	push	(_main_sloc1_1_0 + 1)
      000AA8 C0*0F            [24] 2097 	push	(_main_sloc1_1_0 + 2)
      000AAA C0*10            [24] 2098 	push	(_main_sloc1_1_0 + 3)
      000AAC 90 F8 9D         [24] 2099 	mov	dptr,#0xf89d
      000AAF 75 F0 C5         [24] 2100 	mov	b, #0xc5
      000AB2 74 36            [12] 2101 	mov	a, #0x36
      000AB4 12r00r00         [24] 2102 	lcall	___fsmul
      000AB7 A8 82            [24] 2103 	mov	r0, dpl
      000AB9 A9 83            [24] 2104 	mov	r1, dph
      000ABB AA F0            [24] 2105 	mov	r2, b
      000ABD FB               [12] 2106 	mov	r3, a
      000ABE E5 81            [12] 2107 	mov	a,sp
      000AC0 24 FC            [12] 2108 	add	a,#0xfc
      000AC2 F5 81            [12] 2109 	mov	sp,a
      000AC4 88 82            [24] 2110 	mov	dpl, r0
      000AC6 89 83            [24] 2111 	mov	dph, r1
      000AC8 8A F0            [24] 2112 	mov	b, r2
      000ACA EB               [12] 2113 	mov	a, r3
      000ACB 12r00r00         [24] 2114 	lcall	___fs2ulong
      000ACE A8 82            [24] 2115 	mov	r0, dpl
      000AD0 A9 83            [24] 2116 	mov	r1, dph
      000AD2 AA F0            [24] 2117 	mov	r2, b
      000AD4 FB               [12] 2118 	mov	r3, a
      000AD5 90r00r1C         [24] 2119 	mov	dptr,#_main_final_calc_10000_59
      000AD8 E8               [12] 2120 	mov	a,r0
      000AD9 F0               [24] 2121 	movx	@dptr,a
      000ADA E9               [12] 2122 	mov	a,r1
      000ADB A3               [24] 2123 	inc	dptr
      000ADC F0               [24] 2124 	movx	@dptr,a
      000ADD EA               [12] 2125 	mov	a,r2
      000ADE A3               [24] 2126 	inc	dptr
      000ADF F0               [24] 2127 	movx	@dptr,a
      000AE0 EB               [12] 2128 	mov	a,r3
      000AE1 A3               [24] 2129 	inc	dptr
      000AE2 F0               [24] 2130 	movx	@dptr,a
      000AE3 02r0BrC3         [24] 2131 	ljmp	00123$
      000AE6                       2132 00122$:
                                   2133 ;	main.c:287: else if (filtered_ticks >= 650000.0f && filtered_ticks < 2000000.0f) {
      000AE6 E4               [12] 2134 	clr	a
      000AE7 C0 E0            [24] 2135 	push	acc
      000AE9 74 B1            [12] 2136 	mov	a,#0xb1
      000AEB C0 E0            [24] 2137 	push	acc
      000AED 74 1E            [12] 2138 	mov	a,#0x1e
      000AEF C0 E0            [24] 2139 	push	acc
      000AF1 74 49            [12] 2140 	mov	a,#0x49
      000AF3 C0 E0            [24] 2141 	push	acc
      000AF5 85*0D 82         [24] 2142 	mov	dpl, _main_sloc1_1_0
      000AF8 85*0E 83         [24] 2143 	mov	dph, (_main_sloc1_1_0 + 1)
      000AFB 85*0F F0         [24] 2144 	mov	b, (_main_sloc1_1_0 + 2)
      000AFE E5*10            [12] 2145 	mov	a, (_main_sloc1_1_0 + 3)
      000B00 12r00r00         [24] 2146 	lcall	___fslt
      000B03 E5 81            [12] 2147 	mov	a,sp
      000B05 24 FC            [12] 2148 	add	a,#0xfc
      000B07 F5 81            [12] 2149 	mov	sp,a
      000B09 E5 82            [12] 2150 	mov	a, dpl
      000B0B 24 FF            [12] 2151 	add	a,#0xff
      000B0D 92*00            [24] 2152 	mov	_main_sloc2_1_0,c
      000B0F 40 69            [24] 2153 	jc	00118$
      000B11 E4               [12] 2154 	clr	a
      000B12 C0 E0            [24] 2155 	push	acc
      000B14 74 24            [12] 2156 	mov	a,#0x24
      000B16 C0 E0            [24] 2157 	push	acc
      000B18 74 F4            [12] 2158 	mov	a,#0xf4
      000B1A C0 E0            [24] 2159 	push	acc
      000B1C 74 49            [12] 2160 	mov	a,#0x49
      000B1E C0 E0            [24] 2161 	push	acc
      000B20 85*0D 82         [24] 2162 	mov	dpl, _main_sloc1_1_0
      000B23 85*0E 83         [24] 2163 	mov	dph, (_main_sloc1_1_0 + 1)
      000B26 85*0F F0         [24] 2164 	mov	b, (_main_sloc1_1_0 + 2)
      000B29 E5*10            [12] 2165 	mov	a, (_main_sloc1_1_0 + 3)
      000B2B 12r00r00         [24] 2166 	lcall	___fslt
      000B2E AB 82            [24] 2167 	mov	r3, dpl
      000B30 E5 81            [12] 2168 	mov	a,sp
      000B32 24 FC            [12] 2169 	add	a,#0xfc
      000B34 F5 81            [12] 2170 	mov	sp,a
      000B36 EB               [12] 2171 	mov	a,r3
      000B37 60 41            [24] 2172 	jz	00118$
                                   2173 ;	main.c:288: final_calc = (uint32_t)(filtered_ticks * 0.0001996f);
      000B39 C0*0D            [24] 2174 	push	_main_sloc1_1_0
      000B3B C0*0E            [24] 2175 	push	(_main_sloc1_1_0 + 1)
      000B3D C0*0F            [24] 2176 	push	(_main_sloc1_1_0 + 2)
      000B3F C0*10            [24] 2177 	push	(_main_sloc1_1_0 + 3)
      000B41 90 4B B8         [24] 2178 	mov	dptr,#0x4bb8
      000B44 75 F0 51         [24] 2179 	mov	b, #0x51
      000B47 74 39            [12] 2180 	mov	a, #0x39
      000B49 12r00r00         [24] 2181 	lcall	___fsmul
      000B4C A8 82            [24] 2182 	mov	r0, dpl
      000B4E A9 83            [24] 2183 	mov	r1, dph
      000B50 AA F0            [24] 2184 	mov	r2, b
      000B52 FB               [12] 2185 	mov	r3, a
      000B53 E5 81            [12] 2186 	mov	a,sp
      000B55 24 FC            [12] 2187 	add	a,#0xfc
      000B57 F5 81            [12] 2188 	mov	sp,a
      000B59 88 82            [24] 2189 	mov	dpl, r0
      000B5B 89 83            [24] 2190 	mov	dph, r1
      000B5D 8A F0            [24] 2191 	mov	b, r2
      000B5F EB               [12] 2192 	mov	a, r3
      000B60 12r00r00         [24] 2193 	lcall	___fs2ulong
      000B63 A8 82            [24] 2194 	mov	r0, dpl
      000B65 A9 83            [24] 2195 	mov	r1, dph
      000B67 AA F0            [24] 2196 	mov	r2, b
      000B69 FB               [12] 2197 	mov	r3, a
      000B6A 90r00r1C         [24] 2198 	mov	dptr,#_main_final_calc_10000_59
      000B6D E8               [12] 2199 	mov	a,r0
      000B6E F0               [24] 2200 	movx	@dptr,a
      000B6F E9               [12] 2201 	mov	a,r1
      000B70 A3               [24] 2202 	inc	dptr
      000B71 F0               [24] 2203 	movx	@dptr,a
      000B72 EA               [12] 2204 	mov	a,r2
      000B73 A3               [24] 2205 	inc	dptr
      000B74 F0               [24] 2206 	movx	@dptr,a
      000B75 EB               [12] 2207 	mov	a,r3
      000B76 A3               [24] 2208 	inc	dptr
      000B77 F0               [24] 2209 	movx	@dptr,a
      000B78 80 49            [24] 2210 	sjmp	00123$
      000B7A                       2211 00118$:
                                   2212 ;	main.c:291: final_calc = (uint32_t)(filtered_ticks * 0.0003050f);
      000B7A 90r00r24         [24] 2213 	mov	dptr,#_main_filtered_ticks_10000_59
      000B7D E0               [24] 2214 	movx	a,@dptr
      000B7E C0 E0            [24] 2215 	push	acc
      000B80 A3               [24] 2216 	inc	dptr
      000B81 E0               [24] 2217 	movx	a,@dptr
      000B82 C0 E0            [24] 2218 	push	acc
      000B84 A3               [24] 2219 	inc	dptr
      000B85 E0               [24] 2220 	movx	a,@dptr
      000B86 C0 E0            [24] 2221 	push	acc
      000B88 A3               [24] 2222 	inc	dptr
      000B89 E0               [24] 2223 	movx	a,@dptr
      000B8A C0 E0            [24] 2224 	push	acc
      000B8C 90 E8 68         [24] 2225 	mov	dptr,#0xe868
      000B8F 75 F0 9F         [24] 2226 	mov	b, #0x9f
      000B92 74 39            [12] 2227 	mov	a, #0x39
      000B94 12r00r00         [24] 2228 	lcall	___fsmul
      000B97 A8 82            [24] 2229 	mov	r0, dpl
      000B99 A9 83            [24] 2230 	mov	r1, dph
      000B9B AA F0            [24] 2231 	mov	r2, b
      000B9D FB               [12] 2232 	mov	r3, a
      000B9E E5 81            [12] 2233 	mov	a,sp
      000BA0 24 FC            [12] 2234 	add	a,#0xfc
      000BA2 F5 81            [12] 2235 	mov	sp,a
      000BA4 88 82            [24] 2236 	mov	dpl, r0
      000BA6 89 83            [24] 2237 	mov	dph, r1
      000BA8 8A F0            [24] 2238 	mov	b, r2
      000BAA EB               [12] 2239 	mov	a, r3
      000BAB 12r00r00         [24] 2240 	lcall	___fs2ulong
      000BAE A8 82            [24] 2241 	mov	r0, dpl
      000BB0 A9 83            [24] 2242 	mov	r1, dph
      000BB2 AA F0            [24] 2243 	mov	r2, b
      000BB4 FB               [12] 2244 	mov	r3, a
      000BB5 90r00r1C         [24] 2245 	mov	dptr,#_main_final_calc_10000_59
      000BB8 E8               [12] 2246 	mov	a,r0
      000BB9 F0               [24] 2247 	movx	@dptr,a
      000BBA E9               [12] 2248 	mov	a,r1
      000BBB A3               [24] 2249 	inc	dptr
      000BBC F0               [24] 2250 	movx	@dptr,a
      000BBD EA               [12] 2251 	mov	a,r2
      000BBE A3               [24] 2252 	inc	dptr
      000BBF F0               [24] 2253 	movx	@dptr,a
      000BC0 EB               [12] 2254 	mov	a,r3
      000BC1 A3               [24] 2255 	inc	dptr
      000BC2 F0               [24] 2256 	movx	@dptr,a
      000BC3                       2257 00123$:
                                   2258 ;	main.c:294: if (final_calc == 0) final_calc = 1;
      000BC3 90r00r1C         [24] 2259 	mov	dptr,#_main_final_calc_10000_59
      000BC6 E0               [24] 2260 	movx	a,@dptr
      000BC7 F5 F0            [12] 2261 	mov	b,a
      000BC9 A3               [24] 2262 	inc	dptr
      000BCA E0               [24] 2263 	movx	a,@dptr
      000BCB 42 F0            [12] 2264 	orl	b,a
      000BCD A3               [24] 2265 	inc	dptr
      000BCE E0               [24] 2266 	movx	a,@dptr
      000BCF 42 F0            [12] 2267 	orl	b,a
      000BD1 A3               [24] 2268 	inc	dptr
      000BD2 E0               [24] 2269 	movx	a,@dptr
      000BD3 45 F0            [12] 2270 	orl	a,b
      000BD5 70 0D            [24] 2271 	jnz	00125$
      000BD7 90r00r1C         [24] 2272 	mov	dptr,#_main_final_calc_10000_59
      000BDA 74 01            [12] 2273 	mov	a,#0x01
      000BDC F0               [24] 2274 	movx	@dptr,a
      000BDD E4               [12] 2275 	clr	a
      000BDE A3               [24] 2276 	inc	dptr
      000BDF F0               [24] 2277 	movx	@dptr,a
      000BE0 A3               [24] 2278 	inc	dptr
      000BE1 F0               [24] 2279 	movx	@dptr,a
      000BE2 A3               [24] 2280 	inc	dptr
      000BE3 F0               [24] 2281 	movx	@dptr,a
      000BE4                       2282 00125$:
                                   2283 ;	main.c:296: if (final_calc > last_display_val) {
      000BE4 90r00r1C         [24] 2284 	mov	dptr,#_main_final_calc_10000_59
      000BE7 E0               [24] 2285 	movx	a,@dptr
      000BE8 F5*09            [12] 2286 	mov	_main_sloc0_1_0,a
      000BEA A3               [24] 2287 	inc	dptr
      000BEB E0               [24] 2288 	movx	a,@dptr
      000BEC F5*0A            [12] 2289 	mov	(_main_sloc0_1_0 + 1),a
      000BEE A3               [24] 2290 	inc	dptr
      000BEF E0               [24] 2291 	movx	a,@dptr
      000BF0 F5*0B            [12] 2292 	mov	(_main_sloc0_1_0 + 2),a
      000BF2 A3               [24] 2293 	inc	dptr
      000BF3 E0               [24] 2294 	movx	a,@dptr
      000BF4 F5*0C            [12] 2295 	mov	(_main_sloc0_1_0 + 3),a
      000BF6 90r00r20         [24] 2296 	mov	dptr,#_main_last_display_val_10000_59
      000BF9 E0               [24] 2297 	movx	a,@dptr
      000BFA F5*0D            [12] 2298 	mov	_main_sloc1_1_0,a
      000BFC A3               [24] 2299 	inc	dptr
      000BFD E0               [24] 2300 	movx	a,@dptr
      000BFE F5*0E            [12] 2301 	mov	(_main_sloc1_1_0 + 1),a
      000C00 A3               [24] 2302 	inc	dptr
      000C01 E0               [24] 2303 	movx	a,@dptr
      000C02 F5*0F            [12] 2304 	mov	(_main_sloc1_1_0 + 2),a
      000C04 A3               [24] 2305 	inc	dptr
      000C05 E0               [24] 2306 	movx	a,@dptr
      000C06 F5*10            [12] 2307 	mov	(_main_sloc1_1_0 + 3),a
      000C08 C3               [12] 2308 	clr	c
      000C09 E5*0D            [12] 2309 	mov	a,_main_sloc1_1_0
      000C0B 95*09            [12] 2310 	subb	a,_main_sloc0_1_0
      000C0D E5*0E            [12] 2311 	mov	a,(_main_sloc1_1_0 + 1)
      000C0F 95*0A            [12] 2312 	subb	a,(_main_sloc0_1_0 + 1)
      000C11 E5*0F            [12] 2313 	mov	a,(_main_sloc1_1_0 + 2)
      000C13 95*0B            [12] 2314 	subb	a,(_main_sloc0_1_0 + 2)
      000C15 E5*10            [12] 2315 	mov	a,(_main_sloc1_1_0 + 3)
      000C17 95*0C            [12] 2316 	subb	a,(_main_sloc0_1_0 + 3)
      000C19 50 3C            [24] 2317 	jnc	00131$
                                   2318 ;	main.c:297: if ((final_calc - last_display_val) < 2) final_calc = last_display_val;
      000C1B E5*09            [12] 2319 	mov	a,_main_sloc0_1_0
      000C1D C3               [12] 2320 	clr	c
      000C1E 95*0D            [12] 2321 	subb	a,_main_sloc1_1_0
      000C20 F8               [12] 2322 	mov	r0,a
      000C21 E5*0A            [12] 2323 	mov	a,(_main_sloc0_1_0 + 1)
      000C23 95*0E            [12] 2324 	subb	a,(_main_sloc1_1_0 + 1)
      000C25 F9               [12] 2325 	mov	r1,a
      000C26 E5*0B            [12] 2326 	mov	a,(_main_sloc0_1_0 + 2)
      000C28 95*0F            [12] 2327 	subb	a,(_main_sloc1_1_0 + 2)
      000C2A FA               [12] 2328 	mov	r2,a
      000C2B E5*0C            [12] 2329 	mov	a,(_main_sloc0_1_0 + 3)
      000C2D 95*10            [12] 2330 	subb	a,(_main_sloc1_1_0 + 3)
      000C2F FB               [12] 2331 	mov	r3,a
      000C30 C3               [12] 2332 	clr	c
      000C31 E8               [12] 2333 	mov	a,r0
      000C32 94 02            [12] 2334 	subb	a,#0x02
      000C34 E9               [12] 2335 	mov	a,r1
      000C35 94 00            [12] 2336 	subb	a,#0x00
      000C37 EA               [12] 2337 	mov	a,r2
      000C38 94 00            [12] 2338 	subb	a,#0x00
      000C3A EB               [12] 2339 	mov	a,r3
      000C3B 94 00            [12] 2340 	subb	a,#0x00
      000C3D 40 03            [24] 2341 	jc	00278$
      000C3F 02r0Dr70         [24] 2342 	ljmp	00142$
      000C42                       2343 00278$:
      000C42 90r00r1C         [24] 2344 	mov	dptr,#_main_final_calc_10000_59
      000C45 E5*0D            [12] 2345 	mov	a,_main_sloc1_1_0
      000C47 F0               [24] 2346 	movx	@dptr,a
      000C48 E5*0E            [12] 2347 	mov	a,(_main_sloc1_1_0 + 1)
      000C4A A3               [24] 2348 	inc	dptr
      000C4B F0               [24] 2349 	movx	@dptr,a
      000C4C E5*0F            [12] 2350 	mov	a,(_main_sloc1_1_0 + 2)
      000C4E A3               [24] 2351 	inc	dptr
      000C4F F0               [24] 2352 	movx	@dptr,a
      000C50 E5*10            [12] 2353 	mov	a,(_main_sloc1_1_0 + 3)
      000C52 A3               [24] 2354 	inc	dptr
      000C53 F0               [24] 2355 	movx	@dptr,a
      000C54 02r0Dr70         [24] 2356 	ljmp	00142$
      000C57                       2357 00131$:
                                   2358 ;	main.c:299: if ((last_display_val - final_calc) < 2) final_calc = last_display_val;
      000C57 E5*0D            [12] 2359 	mov	a,_main_sloc1_1_0
      000C59 C3               [12] 2360 	clr	c
      000C5A 95*09            [12] 2361 	subb	a,_main_sloc0_1_0
      000C5C F8               [12] 2362 	mov	r0,a
      000C5D E5*0E            [12] 2363 	mov	a,(_main_sloc1_1_0 + 1)
      000C5F 95*0A            [12] 2364 	subb	a,(_main_sloc0_1_0 + 1)
      000C61 F9               [12] 2365 	mov	r1,a
      000C62 E5*0F            [12] 2366 	mov	a,(_main_sloc1_1_0 + 2)
      000C64 95*0B            [12] 2367 	subb	a,(_main_sloc0_1_0 + 2)
      000C66 FA               [12] 2368 	mov	r2,a
      000C67 E5*10            [12] 2369 	mov	a,(_main_sloc1_1_0 + 3)
      000C69 95*0C            [12] 2370 	subb	a,(_main_sloc0_1_0 + 3)
      000C6B FB               [12] 2371 	mov	r3,a
      000C6C C3               [12] 2372 	clr	c
      000C6D E8               [12] 2373 	mov	a,r0
      000C6E 94 02            [12] 2374 	subb	a,#0x02
      000C70 E9               [12] 2375 	mov	a,r1
      000C71 94 00            [12] 2376 	subb	a,#0x00
      000C73 EA               [12] 2377 	mov	a,r2
      000C74 94 00            [12] 2378 	subb	a,#0x00
      000C76 EB               [12] 2379 	mov	a,r3
      000C77 94 00            [12] 2380 	subb	a,#0x00
      000C79 40 03            [24] 2381 	jc	00279$
      000C7B 02r0Dr70         [24] 2382 	ljmp	00142$
      000C7E                       2383 00279$:
      000C7E 90r00r1C         [24] 2384 	mov	dptr,#_main_final_calc_10000_59
      000C81 E5*0D            [12] 2385 	mov	a,_main_sloc1_1_0
      000C83 F0               [24] 2386 	movx	@dptr,a
      000C84 E5*0E            [12] 2387 	mov	a,(_main_sloc1_1_0 + 1)
      000C86 A3               [24] 2388 	inc	dptr
      000C87 F0               [24] 2389 	movx	@dptr,a
      000C88 E5*0F            [12] 2390 	mov	a,(_main_sloc1_1_0 + 2)
      000C8A A3               [24] 2391 	inc	dptr
      000C8B F0               [24] 2392 	movx	@dptr,a
      000C8C E5*10            [12] 2393 	mov	a,(_main_sloc1_1_0 + 3)
      000C8E A3               [24] 2394 	inc	dptr
      000C8F F0               [24] 2395 	movx	@dptr,a
      000C90 02r0Dr70         [24] 2396 	ljmp	00142$
      000C93                       2397 00141$:
                                   2398 ;	main.c:303: mode_uf = 0;
      000C93 90r00r28         [24] 2399 	mov	dptr,#_main_mode_uf_10000_59
      000C96 E4               [12] 2400 	clr	a
      000C97 F0               [24] 2401 	movx	@dptr,a
                                   2402 ;	main.c:304: is_first_run = 1;
      000C98 90r00r29         [24] 2403 	mov	dptr,#_main_is_first_run_10000_59
      000C9B 04               [12] 2404 	inc	a
      000C9C F0               [24] 2405 	movx	@dptr,a
                                   2406 ;	main.c:306: final_calc = (uint32_t)((float)raw_ticks * 0.18823f);
      000C9D 8C 82            [24] 2407 	mov	dpl, r4
      000C9F 8D 83            [24] 2408 	mov	dph, r5
      000CA1 8E F0            [24] 2409 	mov	b, r6
      000CA3 EF               [12] 2410 	mov	a, r7
      000CA4 12r00r00         [24] 2411 	lcall	___ulong2fs
      000CA7 AC 82            [24] 2412 	mov	r4, dpl
      000CA9 AD 83            [24] 2413 	mov	r5, dph
      000CAB AE F0            [24] 2414 	mov	r6, b
      000CAD FF               [12] 2415 	mov	r7, a
      000CAE C0 04            [24] 2416 	push	ar4
      000CB0 C0 05            [24] 2417 	push	ar5
      000CB2 C0 06            [24] 2418 	push	ar6
      000CB4 C0 07            [24] 2419 	push	ar7
      000CB6 90 BF 5D         [24] 2420 	mov	dptr,#0xbf5d
      000CB9 75 F0 40         [24] 2421 	mov	b, #0x40
      000CBC 74 3E            [12] 2422 	mov	a, #0x3e
      000CBE 12r00r00         [24] 2423 	lcall	___fsmul
      000CC1 AC 82            [24] 2424 	mov	r4, dpl
      000CC3 AD 83            [24] 2425 	mov	r5, dph
      000CC5 AE F0            [24] 2426 	mov	r6, b
      000CC7 FF               [12] 2427 	mov	r7, a
      000CC8 E5 81            [12] 2428 	mov	a,sp
      000CCA 24 FC            [12] 2429 	add	a,#0xfc
      000CCC F5 81            [12] 2430 	mov	sp,a
      000CCE 8C 82            [24] 2431 	mov	dpl, r4
      000CD0 8D 83            [24] 2432 	mov	dph, r5
      000CD2 8E F0            [24] 2433 	mov	b, r6
      000CD4 EF               [12] 2434 	mov	a, r7
      000CD5 12r00r00         [24] 2435 	lcall	___fs2ulong
      000CD8 85 82*0D         [24] 2436 	mov	_main_sloc1_1_0,dpl
      000CDB 85 83*0E         [24] 2437 	mov	(_main_sloc1_1_0 + 1),dph
      000CDE 85 F0*0F         [24] 2438 	mov	(_main_sloc1_1_0 + 2),b
      000CE1 F5*10            [12] 2439 	mov	(_main_sloc1_1_0 + 3),a
      000CE3 90r00r1C         [24] 2440 	mov	dptr,#_main_final_calc_10000_59
      000CE6 E5*0D            [12] 2441 	mov	a,_main_sloc1_1_0
      000CE8 F0               [24] 2442 	movx	@dptr,a
      000CE9 E5*0E            [12] 2443 	mov	a,(_main_sloc1_1_0 + 1)
      000CEB A3               [24] 2444 	inc	dptr
      000CEC F0               [24] 2445 	movx	@dptr,a
      000CED E5*0F            [12] 2446 	mov	a,(_main_sloc1_1_0 + 2)
      000CEF A3               [24] 2447 	inc	dptr
      000CF0 F0               [24] 2448 	movx	@dptr,a
      000CF1 E5*10            [12] 2449 	mov	a,(_main_sloc1_1_0 + 3)
      000CF3 A3               [24] 2450 	inc	dptr
      000CF4 F0               [24] 2451 	movx	@dptr,a
                                   2452 ;	main.c:308: if (final_calc > last_display_val) {
      000CF5 90r00r20         [24] 2453 	mov	dptr,#_main_last_display_val_10000_59
      000CF8 E0               [24] 2454 	movx	a,@dptr
      000CF9 F8               [12] 2455 	mov	r0,a
      000CFA A3               [24] 2456 	inc	dptr
      000CFB E0               [24] 2457 	movx	a,@dptr
      000CFC F9               [12] 2458 	mov	r1,a
      000CFD A3               [24] 2459 	inc	dptr
      000CFE E0               [24] 2460 	movx	a,@dptr
      000CFF FA               [12] 2461 	mov	r2,a
      000D00 A3               [24] 2462 	inc	dptr
      000D01 E0               [24] 2463 	movx	a,@dptr
      000D02 FB               [12] 2464 	mov	r3,a
      000D03 C3               [12] 2465 	clr	c
      000D04 E8               [12] 2466 	mov	a,r0
      000D05 95*0D            [12] 2467 	subb	a,_main_sloc1_1_0
      000D07 E9               [12] 2468 	mov	a,r1
      000D08 95*0E            [12] 2469 	subb	a,(_main_sloc1_1_0 + 1)
      000D0A EA               [12] 2470 	mov	a,r2
      000D0B 95*0F            [12] 2471 	subb	a,(_main_sloc1_1_0 + 2)
      000D0D EB               [12] 2472 	mov	a,r3
      000D0E 95*10            [12] 2473 	subb	a,(_main_sloc1_1_0 + 3)
      000D10 50 30            [24] 2474 	jnc	00138$
                                   2475 ;	main.c:309: if ((final_calc - last_display_val) < 12) final_calc = last_display_val;
      000D12 E5*0D            [12] 2476 	mov	a,_main_sloc1_1_0
      000D14 C3               [12] 2477 	clr	c
      000D15 98               [12] 2478 	subb	a,r0
      000D16 FC               [12] 2479 	mov	r4,a
      000D17 E5*0E            [12] 2480 	mov	a,(_main_sloc1_1_0 + 1)
      000D19 99               [12] 2481 	subb	a,r1
      000D1A FD               [12] 2482 	mov	r5,a
      000D1B E5*0F            [12] 2483 	mov	a,(_main_sloc1_1_0 + 2)
      000D1D 9A               [12] 2484 	subb	a,r2
      000D1E FE               [12] 2485 	mov	r6,a
      000D1F E5*10            [12] 2486 	mov	a,(_main_sloc1_1_0 + 3)
      000D21 9B               [12] 2487 	subb	a,r3
      000D22 FF               [12] 2488 	mov	r7,a
      000D23 C3               [12] 2489 	clr	c
      000D24 EC               [12] 2490 	mov	a,r4
      000D25 94 0C            [12] 2491 	subb	a,#0x0c
      000D27 ED               [12] 2492 	mov	a,r5
      000D28 94 00            [12] 2493 	subb	a,#0x00
      000D2A EE               [12] 2494 	mov	a,r6
      000D2B 94 00            [12] 2495 	subb	a,#0x00
      000D2D EF               [12] 2496 	mov	a,r7
      000D2E 94 00            [12] 2497 	subb	a,#0x00
      000D30 50 3E            [24] 2498 	jnc	00142$
      000D32 90r00r1C         [24] 2499 	mov	dptr,#_main_final_calc_10000_59
      000D35 E8               [12] 2500 	mov	a,r0
      000D36 F0               [24] 2501 	movx	@dptr,a
      000D37 E9               [12] 2502 	mov	a,r1
      000D38 A3               [24] 2503 	inc	dptr
      000D39 F0               [24] 2504 	movx	@dptr,a
      000D3A EA               [12] 2505 	mov	a,r2
      000D3B A3               [24] 2506 	inc	dptr
      000D3C F0               [24] 2507 	movx	@dptr,a
      000D3D EB               [12] 2508 	mov	a,r3
      000D3E A3               [24] 2509 	inc	dptr
      000D3F F0               [24] 2510 	movx	@dptr,a
      000D40 80 2E            [24] 2511 	sjmp	00142$
      000D42                       2512 00138$:
                                   2513 ;	main.c:311: if ((last_display_val - final_calc) < 12) final_calc = last_display_val;
      000D42 E8               [12] 2514 	mov	a,r0
      000D43 C3               [12] 2515 	clr	c
      000D44 95*0D            [12] 2516 	subb	a,_main_sloc1_1_0
      000D46 FC               [12] 2517 	mov	r4,a
      000D47 E9               [12] 2518 	mov	a,r1
      000D48 95*0E            [12] 2519 	subb	a,(_main_sloc1_1_0 + 1)
      000D4A FD               [12] 2520 	mov	r5,a
      000D4B EA               [12] 2521 	mov	a,r2
      000D4C 95*0F            [12] 2522 	subb	a,(_main_sloc1_1_0 + 2)
      000D4E FE               [12] 2523 	mov	r6,a
      000D4F EB               [12] 2524 	mov	a,r3
      000D50 95*10            [12] 2525 	subb	a,(_main_sloc1_1_0 + 3)
      000D52 FF               [12] 2526 	mov	r7,a
      000D53 C3               [12] 2527 	clr	c
      000D54 EC               [12] 2528 	mov	a,r4
      000D55 94 0C            [12] 2529 	subb	a,#0x0c
      000D57 ED               [12] 2530 	mov	a,r5
      000D58 94 00            [12] 2531 	subb	a,#0x00
      000D5A EE               [12] 2532 	mov	a,r6
      000D5B 94 00            [12] 2533 	subb	a,#0x00
      000D5D EF               [12] 2534 	mov	a,r7
      000D5E 94 00            [12] 2535 	subb	a,#0x00
      000D60 50 0E            [24] 2536 	jnc	00142$
      000D62 90r00r1C         [24] 2537 	mov	dptr,#_main_final_calc_10000_59
      000D65 E8               [12] 2538 	mov	a,r0
      000D66 F0               [24] 2539 	movx	@dptr,a
      000D67 E9               [12] 2540 	mov	a,r1
      000D68 A3               [24] 2541 	inc	dptr
      000D69 F0               [24] 2542 	movx	@dptr,a
      000D6A EA               [12] 2543 	mov	a,r2
      000D6B A3               [24] 2544 	inc	dptr
      000D6C F0               [24] 2545 	movx	@dptr,a
      000D6D EB               [12] 2546 	mov	a,r3
      000D6E A3               [24] 2547 	inc	dptr
      000D6F F0               [24] 2548 	movx	@dptr,a
      000D70                       2549 00142$:
                                   2550 ;	main.c:315: if (final_calc != last_display_val) {
      000D70 90r00r1C         [24] 2551 	mov	dptr,#_main_final_calc_10000_59
      000D73 E0               [24] 2552 	movx	a,@dptr
      000D74 FC               [12] 2553 	mov	r4,a
      000D75 A3               [24] 2554 	inc	dptr
      000D76 E0               [24] 2555 	movx	a,@dptr
      000D77 FD               [12] 2556 	mov	r5,a
      000D78 A3               [24] 2557 	inc	dptr
      000D79 E0               [24] 2558 	movx	a,@dptr
      000D7A FE               [12] 2559 	mov	r6,a
      000D7B A3               [24] 2560 	inc	dptr
      000D7C E0               [24] 2561 	movx	a,@dptr
      000D7D FF               [12] 2562 	mov	r7,a
      000D7E 90r00r20         [24] 2563 	mov	dptr,#_main_last_display_val_10000_59
      000D81 E0               [24] 2564 	movx	a,@dptr
      000D82 F8               [12] 2565 	mov	r0,a
      000D83 A3               [24] 2566 	inc	dptr
      000D84 E0               [24] 2567 	movx	a,@dptr
      000D85 F9               [12] 2568 	mov	r1,a
      000D86 A3               [24] 2569 	inc	dptr
      000D87 E0               [24] 2570 	movx	a,@dptr
      000D88 FA               [12] 2571 	mov	r2,a
      000D89 A3               [24] 2572 	inc	dptr
      000D8A E0               [24] 2573 	movx	a,@dptr
      000D8B FB               [12] 2574 	mov	r3,a
      000D8C EC               [12] 2575 	mov	a,r4
      000D8D B5 00 0E         [24] 2576 	cjne	a,ar0,00283$
      000D90 ED               [12] 2577 	mov	a,r5
      000D91 B5 01 0A         [24] 2578 	cjne	a,ar1,00283$
      000D94 EE               [12] 2579 	mov	a,r6
      000D95 B5 02 06         [24] 2580 	cjne	a,ar2,00283$
      000D98 EF               [12] 2581 	mov	a,r7
      000D99 B5 03 02         [24] 2582 	cjne	a,ar3,00283$
      000D9C 80 42            [24] 2583 	sjmp	00144$
      000D9E                       2584 00283$:
                                   2585 ;	main.c:316: SSD1306_DisplayResult(3, 16, final_calc, mode_uf);
      000D9E 90r00r28         [24] 2586 	mov	dptr,#_main_mode_uf_10000_59
      000DA1 E0               [24] 2587 	movx	a,@dptr
      000DA2 FB               [12] 2588 	mov	r3,a
      000DA3 90r00r12         [24] 2589 	mov	dptr,#_SSD1306_DisplayResult_PARM_2
      000DA6 74 10            [12] 2590 	mov	a,#0x10
      000DA8 F0               [24] 2591 	movx	@dptr,a
      000DA9 90r00r13         [24] 2592 	mov	dptr,#_SSD1306_DisplayResult_PARM_3
      000DAC EC               [12] 2593 	mov	a,r4
      000DAD F0               [24] 2594 	movx	@dptr,a
      000DAE ED               [12] 2595 	mov	a,r5
      000DAF A3               [24] 2596 	inc	dptr
      000DB0 F0               [24] 2597 	movx	@dptr,a
      000DB1 EE               [12] 2598 	mov	a,r6
      000DB2 A3               [24] 2599 	inc	dptr
      000DB3 F0               [24] 2600 	movx	@dptr,a
      000DB4 EF               [12] 2601 	mov	a,r7
      000DB5 A3               [24] 2602 	inc	dptr
      000DB6 F0               [24] 2603 	movx	@dptr,a
      000DB7 90r00r17         [24] 2604 	mov	dptr,#_SSD1306_DisplayResult_PARM_4
      000DBA EB               [12] 2605 	mov	a,r3
      000DBB F0               [24] 2606 	movx	@dptr,a
      000DBC 75 82 03         [24] 2607 	mov	dpl, #0x03
      000DBF C0 07            [24] 2608 	push	ar7
      000DC1 C0 06            [24] 2609 	push	ar6
      000DC3 C0 05            [24] 2610 	push	ar5
      000DC5 C0 04            [24] 2611 	push	ar4
      000DC7 12r03rA4         [24] 2612 	lcall	_SSD1306_DisplayResult
      000DCA D0 04            [24] 2613 	pop	ar4
      000DCC D0 05            [24] 2614 	pop	ar5
      000DCE D0 06            [24] 2615 	pop	ar6
      000DD0 D0 07            [24] 2616 	pop	ar7
                                   2617 ;	main.c:317: last_display_val = final_calc;
      000DD2 90r00r20         [24] 2618 	mov	dptr,#_main_last_display_val_10000_59
      000DD5 EC               [12] 2619 	mov	a,r4
      000DD6 F0               [24] 2620 	movx	@dptr,a
      000DD7 ED               [12] 2621 	mov	a,r5
      000DD8 A3               [24] 2622 	inc	dptr
      000DD9 F0               [24] 2623 	movx	@dptr,a
      000DDA EE               [12] 2624 	mov	a,r6
      000DDB A3               [24] 2625 	inc	dptr
      000DDC F0               [24] 2626 	movx	@dptr,a
      000DDD EF               [12] 2627 	mov	a,r7
      000DDE A3               [24] 2628 	inc	dptr
      000DDF F0               [24] 2629 	movx	@dptr,a
      000DE0                       2630 00144$:
                                   2631 ;	main.c:320: Delay_ms(300);
      000DE0 90 01 2C         [24] 2632 	mov	dptr,#0x012c
      000DE3 12r00r00         [24] 2633 	lcall	_Delay_ms
                                   2634 ;	main.c:322: }
      000DE6 02r08rEC         [24] 2635 	ljmp	00146$
                                   2636 	.area CSEG    (CODE)
                                   2637 	.area CONST   (CODE)
      000000                       2638 _Font_8x8:
      000000 3E                    2639 	.db #0x3e	; 62
      000001 51                    2640 	.db #0x51	; 81	'Q'
      000002 49                    2641 	.db #0x49	; 73	'I'
      000003 45                    2642 	.db #0x45	; 69	'E'
      000004 3E                    2643 	.db #0x3e	; 62
      000005 00                    2644 	.db #0x00	; 0
      000006 00                    2645 	.db #0x00	; 0
      000007 00                    2646 	.db #0x00	; 0
      000008 00                    2647 	.db #0x00	; 0
      000009 42                    2648 	.db #0x42	; 66	'B'
      00000A 7F                    2649 	.db #0x7f	; 127
      00000B 40                    2650 	.db #0x40	; 64
      00000C 00                    2651 	.db #0x00	; 0
      00000D 00                    2652 	.db #0x00	; 0
      00000E 00                    2653 	.db #0x00	; 0
      00000F 00                    2654 	.db #0x00	; 0
      000010 42                    2655 	.db #0x42	; 66	'B'
      000011 61                    2656 	.db #0x61	; 97	'a'
      000012 51                    2657 	.db #0x51	; 81	'Q'
      000013 49                    2658 	.db #0x49	; 73	'I'
      000014 46                    2659 	.db #0x46	; 70	'F'
      000015 00                    2660 	.db #0x00	; 0
      000016 00                    2661 	.db #0x00	; 0
      000017 00                    2662 	.db #0x00	; 0
      000018 21                    2663 	.db #0x21	; 33
      000019 41                    2664 	.db #0x41	; 65	'A'
      00001A 45                    2665 	.db #0x45	; 69	'E'
      00001B 4B                    2666 	.db #0x4b	; 75	'K'
      00001C 31                    2667 	.db #0x31	; 49	'1'
      00001D 00                    2668 	.db #0x00	; 0
      00001E 00                    2669 	.db #0x00	; 0
      00001F 00                    2670 	.db #0x00	; 0
      000020 18                    2671 	.db #0x18	; 24
      000021 14                    2672 	.db #0x14	; 20
      000022 12                    2673 	.db #0x12	; 18
      000023 7F                    2674 	.db #0x7f	; 127
      000024 10                    2675 	.db #0x10	; 16
      000025 00                    2676 	.db #0x00	; 0
      000026 00                    2677 	.db #0x00	; 0
      000027 00                    2678 	.db #0x00	; 0
      000028 27                    2679 	.db #0x27	; 39
      000029 45                    2680 	.db #0x45	; 69	'E'
      00002A 45                    2681 	.db #0x45	; 69	'E'
      00002B 45                    2682 	.db #0x45	; 69	'E'
      00002C 39                    2683 	.db #0x39	; 57	'9'
      00002D 00                    2684 	.db #0x00	; 0
      00002E 00                    2685 	.db #0x00	; 0
      00002F 00                    2686 	.db #0x00	; 0
      000030 3C                    2687 	.db #0x3c	; 60
      000031 4A                    2688 	.db #0x4a	; 74	'J'
      000032 49                    2689 	.db #0x49	; 73	'I'
      000033 49                    2690 	.db #0x49	; 73	'I'
      000034 30                    2691 	.db #0x30	; 48	'0'
      000035 00                    2692 	.db #0x00	; 0
      000036 00                    2693 	.db #0x00	; 0
      000037 00                    2694 	.db #0x00	; 0
      000038 01                    2695 	.db #0x01	; 1
      000039 71                    2696 	.db #0x71	; 113	'q'
      00003A 09                    2697 	.db #0x09	; 9
      00003B 05                    2698 	.db #0x05	; 5
      00003C 03                    2699 	.db #0x03	; 3
      00003D 00                    2700 	.db #0x00	; 0
      00003E 00                    2701 	.db #0x00	; 0
      00003F 00                    2702 	.db #0x00	; 0
      000040 36                    2703 	.db #0x36	; 54	'6'
      000041 49                    2704 	.db #0x49	; 73	'I'
      000042 49                    2705 	.db #0x49	; 73	'I'
      000043 49                    2706 	.db #0x49	; 73	'I'
      000044 36                    2707 	.db #0x36	; 54	'6'
      000045 00                    2708 	.db #0x00	; 0
      000046 00                    2709 	.db #0x00	; 0
      000047 00                    2710 	.db #0x00	; 0
      000048 06                    2711 	.db #0x06	; 6
      000049 49                    2712 	.db #0x49	; 73	'I'
      00004A 49                    2713 	.db #0x49	; 73	'I'
      00004B 29                    2714 	.db #0x29	; 41
      00004C 1E                    2715 	.db #0x1e	; 30
      00004D 00                    2716 	.db #0x00	; 0
      00004E 00                    2717 	.db #0x00	; 0
      00004F 00                    2718 	.db #0x00	; 0
      000050 08                    2719 	.db #0x08	; 8
      000051 08                    2720 	.db #0x08	; 8
      000052 08                    2721 	.db #0x08	; 8
      000053 08                    2722 	.db #0x08	; 8
      000054 08                    2723 	.db #0x08	; 8
      000055 00                    2724 	.db #0x00	; 0
      000056 00                    2725 	.db #0x00	; 0
      000057 00                    2726 	.db #0x00	; 0
      000058 00                    2727 	.db #0x00	; 0
      000059 00                    2728 	.db #0x00	; 0
      00005A 00                    2729 	.db #0x00	; 0
      00005B 00                    2730 	.db #0x00	; 0
      00005C 00                    2731 	.db #0x00	; 0
      00005D 00                    2732 	.db #0x00	; 0
      00005E 00                    2733 	.db #0x00	; 0
      00005F 00                    2734 	.db #0x00	; 0
      000060 00                    2735 	.db #0x00	; 0
      000061 60                    2736 	.db #0x60	; 96
      000062 60                    2737 	.db #0x60	; 96
      000063 00                    2738 	.db #0x00	; 0
      000064 00                    2739 	.db #0x00	; 0
      000065 00                    2740 	.db #0x00	; 0
      000066 00                    2741 	.db #0x00	; 0
      000067 00                    2742 	.db #0x00	; 0
      000068 00                    2743 	.db #0x00	; 0
      000069 36                    2744 	.db #0x36	; 54	'6'
      00006A 36                    2745 	.db #0x36	; 54	'6'
      00006B 00                    2746 	.db #0x00	; 0
      00006C 00                    2747 	.db #0x00	; 0
      00006D 00                    2748 	.db #0x00	; 0
      00006E 00                    2749 	.db #0x00	; 0
      00006F 00                    2750 	.db #0x00	; 0
      000070 06                    2751 	.db #0x06	; 6
      000071 09                    2752 	.db #0x09	; 9
      000072 09                    2753 	.db #0x09	; 9
      000073 06                    2754 	.db #0x06	; 6
      000074 00                    2755 	.db #0x00	; 0
      000075 00                    2756 	.db #0x00	; 0
      000076 00                    2757 	.db #0x00	; 0
      000077 00                    2758 	.db #0x00	; 0
      000078 14                    2759 	.db #0x14	; 20
      000079 14                    2760 	.db #0x14	; 20
      00007A 14                    2761 	.db #0x14	; 20
      00007B 14                    2762 	.db #0x14	; 20
      00007C 14                    2763 	.db #0x14	; 20
      00007D 00                    2764 	.db #0x00	; 0
      00007E 00                    2765 	.db #0x00	; 0
      00007F 00                    2766 	.db #0x00	; 0
      000080 7E                    2767 	.db #0x7e	; 126
      000081 11                    2768 	.db #0x11	; 17
      000082 11                    2769 	.db #0x11	; 17
      000083 11                    2770 	.db #0x11	; 17
      000084 7E                    2771 	.db #0x7e	; 126
      000085 00                    2772 	.db #0x00	; 0
      000086 00                    2773 	.db #0x00	; 0
      000087 00                    2774 	.db #0x00	; 0
      000088 7F                    2775 	.db #0x7f	; 127
      000089 49                    2776 	.db #0x49	; 73	'I'
      00008A 49                    2777 	.db #0x49	; 73	'I'
      00008B 49                    2778 	.db #0x49	; 73	'I'
      00008C 36                    2779 	.db #0x36	; 54	'6'
      00008D 00                    2780 	.db #0x00	; 0
      00008E 00                    2781 	.db #0x00	; 0
      00008F 00                    2782 	.db #0x00	; 0
      000090 3E                    2783 	.db #0x3e	; 62
      000091 41                    2784 	.db #0x41	; 65	'A'
      000092 41                    2785 	.db #0x41	; 65	'A'
      000093 41                    2786 	.db #0x41	; 65	'A'
      000094 22                    2787 	.db #0x22	; 34
      000095 00                    2788 	.db #0x00	; 0
      000096 00                    2789 	.db #0x00	; 0
      000097 00                    2790 	.db #0x00	; 0
      000098 7F                    2791 	.db #0x7f	; 127
      000099 41                    2792 	.db #0x41	; 65	'A'
      00009A 41                    2793 	.db #0x41	; 65	'A'
      00009B 22                    2794 	.db #0x22	; 34
      00009C 1C                    2795 	.db #0x1c	; 28
      00009D 00                    2796 	.db #0x00	; 0
      00009E 00                    2797 	.db #0x00	; 0
      00009F 00                    2798 	.db #0x00	; 0
      0000A0 7F                    2799 	.db #0x7f	; 127
      0000A1 49                    2800 	.db #0x49	; 73	'I'
      0000A2 49                    2801 	.db #0x49	; 73	'I'
      0000A3 49                    2802 	.db #0x49	; 73	'I'
      0000A4 41                    2803 	.db #0x41	; 65	'A'
      0000A5 00                    2804 	.db #0x00	; 0
      0000A6 00                    2805 	.db #0x00	; 0
      0000A7 00                    2806 	.db #0x00	; 0
      0000A8 7F                    2807 	.db #0x7f	; 127
      0000A9 09                    2808 	.db #0x09	; 9
      0000AA 09                    2809 	.db #0x09	; 9
      0000AB 01                    2810 	.db #0x01	; 1
      0000AC 01                    2811 	.db #0x01	; 1
      0000AD 00                    2812 	.db #0x00	; 0
      0000AE 00                    2813 	.db #0x00	; 0
      0000AF 00                    2814 	.db #0x00	; 0
      0000B0 3E                    2815 	.db #0x3e	; 62
      0000B1 41                    2816 	.db #0x41	; 65	'A'
      0000B2 49                    2817 	.db #0x49	; 73	'I'
      0000B3 49                    2818 	.db #0x49	; 73	'I'
      0000B4 7A                    2819 	.db #0x7a	; 122	'z'
      0000B5 00                    2820 	.db #0x00	; 0
      0000B6 00                    2821 	.db #0x00	; 0
      0000B7 00                    2822 	.db #0x00	; 0
      0000B8 7F                    2823 	.db #0x7f	; 127
      0000B9 08                    2824 	.db #0x08	; 8
      0000BA 08                    2825 	.db #0x08	; 8
      0000BB 08                    2826 	.db #0x08	; 8
      0000BC 7F                    2827 	.db #0x7f	; 127
      0000BD 00                    2828 	.db #0x00	; 0
      0000BE 00                    2829 	.db #0x00	; 0
      0000BF 00                    2830 	.db #0x00	; 0
      0000C0 00                    2831 	.db #0x00	; 0
      0000C1 41                    2832 	.db #0x41	; 65	'A'
      0000C2 7F                    2833 	.db #0x7f	; 127
      0000C3 41                    2834 	.db #0x41	; 65	'A'
      0000C4 00                    2835 	.db #0x00	; 0
      0000C5 00                    2836 	.db #0x00	; 0
      0000C6 00                    2837 	.db #0x00	; 0
      0000C7 00                    2838 	.db #0x00	; 0
      0000C8 20                    2839 	.db #0x20	; 32
      0000C9 40                    2840 	.db #0x40	; 64
      0000CA 41                    2841 	.db #0x41	; 65	'A'
      0000CB 3F                    2842 	.db #0x3f	; 63
      0000CC 01                    2843 	.db #0x01	; 1
      0000CD 00                    2844 	.db #0x00	; 0
      0000CE 00                    2845 	.db #0x00	; 0
      0000CF 00                    2846 	.db #0x00	; 0
      0000D0 7F                    2847 	.db #0x7f	; 127
      0000D1 08                    2848 	.db #0x08	; 8
      0000D2 14                    2849 	.db #0x14	; 20
      0000D3 22                    2850 	.db #0x22	; 34
      0000D4 41                    2851 	.db #0x41	; 65	'A'
      0000D5 00                    2852 	.db #0x00	; 0
      0000D6 00                    2853 	.db #0x00	; 0
      0000D7 00                    2854 	.db #0x00	; 0
      0000D8 7F                    2855 	.db #0x7f	; 127
      0000D9 40                    2856 	.db #0x40	; 64
      0000DA 40                    2857 	.db #0x40	; 64
      0000DB 40                    2858 	.db #0x40	; 64
      0000DC 40                    2859 	.db #0x40	; 64
      0000DD 00                    2860 	.db #0x00	; 0
      0000DE 00                    2861 	.db #0x00	; 0
      0000DF 00                    2862 	.db #0x00	; 0
      0000E0 7F                    2863 	.db #0x7f	; 127
      0000E1 02                    2864 	.db #0x02	; 2
      0000E2 0C                    2865 	.db #0x0c	; 12
      0000E3 02                    2866 	.db #0x02	; 2
      0000E4 7F                    2867 	.db #0x7f	; 127
      0000E5 00                    2868 	.db #0x00	; 0
      0000E6 00                    2869 	.db #0x00	; 0
      0000E7 00                    2870 	.db #0x00	; 0
      0000E8 7F                    2871 	.db #0x7f	; 127
      0000E9 04                    2872 	.db #0x04	; 4
      0000EA 08                    2873 	.db #0x08	; 8
      0000EB 10                    2874 	.db #0x10	; 16
      0000EC 7F                    2875 	.db #0x7f	; 127
      0000ED 00                    2876 	.db #0x00	; 0
      0000EE 00                    2877 	.db #0x00	; 0
      0000EF 00                    2878 	.db #0x00	; 0
      0000F0 3E                    2879 	.db #0x3e	; 62
      0000F1 41                    2880 	.db #0x41	; 65	'A'
      0000F2 41                    2881 	.db #0x41	; 65	'A'
      0000F3 41                    2882 	.db #0x41	; 65	'A'
      0000F4 3E                    2883 	.db #0x3e	; 62
      0000F5 00                    2884 	.db #0x00	; 0
      0000F6 00                    2885 	.db #0x00	; 0
      0000F7 00                    2886 	.db #0x00	; 0
      0000F8 7F                    2887 	.db #0x7f	; 127
      0000F9 09                    2888 	.db #0x09	; 9
      0000FA 09                    2889 	.db #0x09	; 9
      0000FB 09                    2890 	.db #0x09	; 9
      0000FC 06                    2891 	.db #0x06	; 6
      0000FD 00                    2892 	.db #0x00	; 0
      0000FE 00                    2893 	.db #0x00	; 0
      0000FF 00                    2894 	.db #0x00	; 0
      000100 3E                    2895 	.db #0x3e	; 62
      000101 41                    2896 	.db #0x41	; 65	'A'
      000102 51                    2897 	.db #0x51	; 81	'Q'
      000103 21                    2898 	.db #0x21	; 33
      000104 5E                    2899 	.db #0x5e	; 94
      000105 00                    2900 	.db #0x00	; 0
      000106 00                    2901 	.db #0x00	; 0
      000107 00                    2902 	.db #0x00	; 0
      000108 7F                    2903 	.db #0x7f	; 127
      000109 09                    2904 	.db #0x09	; 9
      00010A 19                    2905 	.db #0x19	; 25
      00010B 29                    2906 	.db #0x29	; 41
      00010C 46                    2907 	.db #0x46	; 70	'F'
      00010D 00                    2908 	.db #0x00	; 0
      00010E 00                    2909 	.db #0x00	; 0
      00010F 00                    2910 	.db #0x00	; 0
      000110 46                    2911 	.db #0x46	; 70	'F'
      000111 49                    2912 	.db #0x49	; 73	'I'
      000112 49                    2913 	.db #0x49	; 73	'I'
      000113 49                    2914 	.db #0x49	; 73	'I'
      000114 31                    2915 	.db #0x31	; 49	'1'
      000115 00                    2916 	.db #0x00	; 0
      000116 00                    2917 	.db #0x00	; 0
      000117 00                    2918 	.db #0x00	; 0
      000118 01                    2919 	.db #0x01	; 1
      000119 01                    2920 	.db #0x01	; 1
      00011A 7F                    2921 	.db #0x7f	; 127
      00011B 01                    2922 	.db #0x01	; 1
      00011C 01                    2923 	.db #0x01	; 1
      00011D 00                    2924 	.db #0x00	; 0
      00011E 00                    2925 	.db #0x00	; 0
      00011F 00                    2926 	.db #0x00	; 0
      000120 3F                    2927 	.db #0x3f	; 63
      000121 40                    2928 	.db #0x40	; 64
      000122 40                    2929 	.db #0x40	; 64
      000123 40                    2930 	.db #0x40	; 64
      000124 3F                    2931 	.db #0x3f	; 63
      000125 00                    2932 	.db #0x00	; 0
      000126 00                    2933 	.db #0x00	; 0
      000127 00                    2934 	.db #0x00	; 0
      000128 1F                    2935 	.db #0x1f	; 31
      000129 20                    2936 	.db #0x20	; 32
      00012A 40                    2937 	.db #0x40	; 64
      00012B 20                    2938 	.db #0x20	; 32
      00012C 1F                    2939 	.db #0x1f	; 31
      00012D 00                    2940 	.db #0x00	; 0
      00012E 00                    2941 	.db #0x00	; 0
      00012F 00                    2942 	.db #0x00	; 0
      000130 7F                    2943 	.db #0x7f	; 127
      000131 20                    2944 	.db #0x20	; 32
      000132 18                    2945 	.db #0x18	; 24
      000133 20                    2946 	.db #0x20	; 32
      000134 7F                    2947 	.db #0x7f	; 127
      000135 00                    2948 	.db #0x00	; 0
      000136 00                    2949 	.db #0x00	; 0
      000137 00                    2950 	.db #0x00	; 0
      000138 63                    2951 	.db #0x63	; 99	'c'
      000139 14                    2952 	.db #0x14	; 20
      00013A 08                    2953 	.db #0x08	; 8
      00013B 14                    2954 	.db #0x14	; 20
      00013C 63                    2955 	.db #0x63	; 99	'c'
      00013D 00                    2956 	.db #0x00	; 0
      00013E 00                    2957 	.db #0x00	; 0
      00013F 00                    2958 	.db #0x00	; 0
      000140 07                    2959 	.db #0x07	; 7
      000141 08                    2960 	.db #0x08	; 8
      000142 70                    2961 	.db #0x70	; 112	'p'
      000143 08                    2962 	.db #0x08	; 8
      000144 07                    2963 	.db #0x07	; 7
      000145 00                    2964 	.db #0x00	; 0
      000146 00                    2965 	.db #0x00	; 0
      000147 00                    2966 	.db #0x00	; 0
      000148 61                    2967 	.db #0x61	; 97	'a'
      000149 51                    2968 	.db #0x51	; 81	'Q'
      00014A 49                    2969 	.db #0x49	; 73	'I'
      00014B 45                    2970 	.db #0x45	; 69	'E'
      00014C 43                    2971 	.db #0x43	; 67	'C'
      00014D 00                    2972 	.db #0x00	; 0
      00014E 00                    2973 	.db #0x00	; 0
      00014F 00                    2974 	.db #0x00	; 0
                                   2975 	.area CONST   (CODE)
      000150                       2976 ___str_0:
      000150 43 58 3A 20           2977 	.ascii "CX: "
      000154 00                    2978 	.db 0x00
                                   2979 	.area CSEG    (CODE)
                                   2980 	.area CONST   (CODE)
      000155                       2981 ___str_1:
      000155 20 20 30 2E 30 20 4E  2982 	.ascii "  0.0 NF"
             46
      00015D 00                    2983 	.db 0x00
                                   2984 	.area CSEG    (CODE)
                                   2985 	.area CONST   (CODE)
      00015E                       2986 ___str_2:
      00015E 20 4E 46              2987 	.ascii " NF"
      000161 00                    2988 	.db 0x00
                                   2989 	.area CSEG    (CODE)
                                   2990 	.area CONST   (CODE)
      000162                       2991 ___str_3:
      000162 20 55 46              2992 	.ascii " UF"
      000165 00                    2993 	.db 0x00
                                   2994 	.area CSEG    (CODE)
                                   2995 	.area XINIT   (CODE)
                                   2996 	.area CABS    (ABS,CODE)
